Date,Operator,A/C Type,Location,Crew on board,Crew fatalities,PAX on board,PAX fatalities,Total on board,Total fatalities,Flight Type,Flight Phase,Continent,Probable Causes,Month,Year
1920-04-27,Compagnie Generale TRANSAERIENNE,Nieuport-Delage NiD-30,"The Channel, All World",1,1,0,0,1,1,Postal,Flight,Europe,Unknown Reasons,April,1920
1923-09-15,Armée De L'Air,Lioré-et-Olivier LeO H-13,"Mediterranean Sea, All World",0,0,0,0,0,0,Scheduled Revenue Flight,Flight,Europe,Technical Factors,September,1923
1924-04-24,KLM,Fokker F3,"North Sea, All World",1,1,2,2,3,3,Scheduled Revenue Flight,Flight,Europe,Technical Factors,April,1924
1924-08-21,Regia Aeronautica,Dornier DO J wal,"Atlantic Ocean, All World",5,0,0,0,5,0,Private,Flight,North America,Technical Factors,August,1924
1925-02-09,Compagnie Générale d'Enterprises Aéronatiques,Lioré-et-Olivier LeO H-13,"Mediterranean Sea, All World",2,0,0,0,2,0,Postal,Flight,Africa,Technical Factors,February,1925
1925-04-11,Compagnie Générale d'Enterprises Aéronatiques,Lioré-et-Olivier LeO H-13,"Mediterranean Sea, All World",2,0,0,0,2,0,Postal,Flight,Europe,Technical Factors,April,1925
1925-04-14,Compagnie Générale d'Enterprises Aéronatiques,Lioré-et-Olivier LeO H-13,"Mediterranean Sea, All World",2,0,0,0,2,0,Postal,Flight,Africa,Technical Factors,April,1925
1925-09-10,Compagnie Générale d'Enterprises Aéronatiques,Lioré-et-Olivier LeO H-13,"Mediterranean Sea, All World",0,0,0,0,0,0,Postal,Flight,Africa,Unknown Reasons,September,1925
1925-12-19,Compagnie Générale d'Enterprises Aéronatiques,Lioré-et-Olivier LeO H-13,"Mediterranean Sea, All World",2,0,0,0,2,0,Postal,Flight,Africa,Technical Factors,December,1925
1926-05-21,Norsk Luftseiladsforening,Dornier DO J wal,"Arctic, All World",3,0,0,0,3,0,Private,Landing,Antartica,Technical Factors,May,1926
1926-05-31,Air Union,Breguet 14,"The Channel, All World",1,1,0,0,1,1,Postal,Flight,Europe,Disappeared Without Trace,May,1926
1926-10-21,Imperial Airways,Handley Page H.P.30,"The Channel, All World",2,0,10,0,12,0,Scheduled Revenue Flight,Flight,Europe,Technical Factors,October,1926
1927-05-05,Société Générale des Transports Aériens - SGTA,Farman F.60 Goliath,"Atlantic Ocean, All World",4,4,0,0,4,4,Private,Flight,South America,Disappeared Without Trace,May,1927
1927-05-09,Private Prive,Levasseur PL.8,"Atlantic Ocean, All World",2,2,0,0,2,2,Private,Flight,Unknown,Disappeared Without Trace,May,1927
1927-08-16,Private Prive,Buhl CA-5 AirSedan,"Pacific Ocean, All World",2,2,1,1,3,3,Private,Flight,Unknown,Technical Factors,August,1927
1927-08-16,Private Prive,Lockheed 1 Vega,"Pacific Ocean, All World",2,2,0,0,2,2,Private,Flight,North America,Disappeared Without Trace,August,1927
1927-08-19,Private Prive,British Aircraft Swallow,"Pacific Ocean, All World",2,2,0,0,2,2,Private,Flight,North America,Human Errors,August,1927
1927-08-31,Private Prive,Fokker F7,"Atlantic Ocean, All World",2,2,1,1,3,3,Private,Flight,North America,Unknown Reasons,August,1927
1927-09-07,CARLING,Stinson SM-1 Detroiter,"Atlantic Ocean, All World",2,2,0,0,2,2,Private,Flight,Unknown,Disappeared Without Trace,September,1927
1927-09-07,Private Prive,Fokker F7,"Atlantic Ocean, All World",2,2,1,1,3,3,Private,Flight,North America,Unknown Reasons,September,1927
1927-10-12,Private Prive,Stinson SM-1 Detroiter,"Atlantic Ocean, All World",1,0,1,0,2,0,Private,Flight,Europe,Technical Factors,October,1927
1928-01-10,Private Prive,Ryan B-1 Brougham,"Tasman Sea, All World",2,0,0,0,2,2,Private,Flight,Australia & Oceania,Disappeared Without Trace,January,1928
1928-03-13,Private Prive,Stinson SM-1 Detroiter,"Atlantic Ocean, All World",1,1,1,1,2,2,Private,Flight,Europe,Disappeared Without Trace,March,1928
1928-06-18,Private Prive,Latham47,"Barents Sea, All World",4,4,2,2,6,6,Private,Flight,Europe,Unknown Reasons,June,1928
1928-08-01,Private Prive,Dornier DO J wal,"Atlantic Ocean, All World",3,0,0,0,3,0,Private,Flight,Unknown,Technical Factors,August,1928
1928-10-18,De Havilland,De Havilland DH.60 Moth,"Atlantic Ocean, All World",2,2,0,0,2,2,Private,Flight,North America,Disappeared Without Trace,October,1928
1929-03-08,Nottingham Aero Club,De Havilland DH.60 Moth,"North Sea, All World",1,1,0,0,1,1,Private,Flight,Europe,Poor Weather,March,1929
1929-08-19,Private Prive,Farman F.190,"Atlantic Ocean, All World",1,1,1,1,2,2,Private,Flight,Unknown,Disappeared Without Trace,August,1929
1929-09-10,DEUTSCHE LUFTHANSA,Rohrbach Ro X Romar,"Baltic Sea, All World",0,0,0,0,0,0,Scheduled Revenue Flight,Flight,Europe,Technical Factors,September,1929
1929-10-09,L'AEROPOSTALE,CAMS 53,"Mediterranean Sea, All World",3,0,0,0,3,0,Postal,Flight,Africa,Technical Factors,October,1929
1929-11-07,L'AEROPOSTALE,Latécoére 32,"Mediterranean Sea, All World",4,0,0,0,4,0,Postal,Flight,Europe,Technical Factors,November,1929
1930-01-03,NAVIGAZIONE AEREA,Dornier wal,"Mediterranean Sea, All World",0,0,0,0,0,0,Scheduled Revenue Flight,Flight,Europe,Unknown Reasons,January,1930
1930-01-25,L'AEROPOSTALE,Latécoére 25,"Mediterranean Sea, All World",2,2,0,0,2,2,Postal,Flight,Europe,Poor Weather,January,1930
1930-03-05,L'AEROPOSTALE,Latécoére 32,"Mediterranean Sea, All World",3,0,0,0,3,0,Postal,Flight,Unknown,Human Errors,March,1930
1930-06-22,Private Prive,De Havilland DH.80 Puss Moth,"The Channel, All World",1,0,2,0,3,0,Private,Flight,Europe,Poor Weather,June,1930
1930-09-11,L'AEROPOSTALE,CAMS 53,"Mediterranean Sea, All World",3,0,0,0,3,0,Postal,Flight,Europe,Technical Factors,September,1930
1931-01-06,Regia Aeronautica,Savoia-Marchetti S.55,"Atlantic Ocean, All World",4,0,0,0,4,0,Military,Flight,South America,Technical Factors,January,1931
1931-03-01,Private Prive,De Havilland DH.60 Moth,"The Channel, All World",1,1,0,0,1,1,Delivery,Flight,Europe,Poor Weather,March,1931
1931-07-15,Tozai Teiki Kokukai,De Havilland DH.80 Puss Moth,"Japan Sea, All World",1,0,0,0,1,0,Aerial photography,Flight,Asia,Unknown Reasons,July,1931
1931-09-13,DEUTSCHE LUFTHANSA,Junkers W.33,"Atlantic Ocean, All World",3,0,0,0,3,0,Postal,Flight,South America,Human Errors,September,1931
1931-12-09,L'AEROPOSTALE,CAMS 56,"Mediterranean Sea, All World",2,2,0,0,2,2,Postal,Flight,Africa,Technical Factors,December,1931
1932-06-04,Private Prive,Bellanca CH-300 Pacemaker,"Atlantic Ocean, All World",1,0,0,0,1,0,Private,Flight,Europe,Technical Factors,June,1932
1933-01-28,Private Prive,De Havilland DH.83 Fox Moth,"North Sea, All World",1,1,1,1,2,2,Delivery,Flight,Europe,Disappeared Without Trace,January,1933
1933-07-18,AERO ESPRESSO ITALIANA,CMASA Wal,"Aegean Sea, All World",4,4,2,2,6,6,Scheduled Revenue Flight,Flight,Europe,Disappeared Without Trace,July,1933
1934-05-09,AIRFRANCE,Wibault 282,"The Channel, All World",3,3,3,3,6,6,Scheduled Revenue Flight,Flight,Europe,Poor Weather,May,1934
1935-05-11,Commercial Air Hire,Spartan Cruiser,"The Channel, All World",2,0,0,0,2,0,Cargo,Flight,Europe,Technical Factors,May,1935
1935-05-21,United States NAVY,Martin PM-1,"Pacific Ocean, All World",6,6,0,0,6,6,Military,Flight,Unknown,Disappeared Without Trace,May,1935
1936-02-10,AIRFRANCE,Latécoére 301,"Atlantic Ocean, All World",5,5,1,1,6,6,Scheduled Revenue Flight,Flight,Unknown,Poor Weather,February,1936
1936-02-15,DEUTSCHE LUFTHANSA,Dornier DO J wal,"Atlantic Ocean, All World",4,4,0,0,4,4,Postal,Flight,Unknown,Disappeared Without Trace,February,1936
1936-05-08,AIRFRANCE,Lioré-et-Olivier LeO H-242,"Mediterranean Sea, All World",4,0,4,1,8,1,Scheduled Revenue Flight,Flight,Africa,Technical Factors,May,1936
1936-09-25,Imperial Airways,Boulton & Paul P.71,"The Channel, All World",2,2,0,0,2,2,Postal,Flight,Europe,Unknown Reasons,September,1936
1936-12-07,AIRFRANCE,Latécoére 300,"Atlantic Ocean, All World",5,5,0,0,5,5,Scheduled Revenue Flight,Flight,Unknown,Technical Factors,December,1936
1937-03-23,Private Prive,De Havilland DH.60 Moth,"North Sea, All World",1,1,0,0,1,1,Private,Flight,Europe,Unknown Reasons,March,1937
1937-07-02,Private Prive,Lockheed 10 Electra,"Pacific Ocean, All World",2,2,0,0,2,2,Private,Flight,Australia & Oceania,Technical Factors,July,1937
1938-01-11,PAN AM,Sikorsky S-42,"Pacific Ocean, All World",7,7,0,0,7,7,Postal,Flight,Australia & Oceania,Technical Factors,January,1938
1938-02-13,Ala Littoria,CRDA CANT Z.506,"Mediterranean Sea, All World",4,4,10,10,14,14,Scheduled Revenue Flight,Flight,Europe,Poor Weather,February,1938
1938-04-06,Royal Air Force,Avro 652 Anson,"North Sea, All World",3,3,0,0,3,3,Training,Flight,Europe,Technical Factors,April,1938
1938-07-14,Ala Littoria,Savoia-Marchetti S.66,"Tyrrhenian Sea, All World",4,4,16,16,20,20,Scheduled Revenue Flight,Flight,Europe,Human Errors,July,1938
1938-07-29,PAN AM,Martin M.130,"Pacific Ocean, All World",9,9,6,6,15,15,Scheduled Revenue Flight,Flight,Unknown,Human Errors,July,1938
1939-01-21,Imperial Airways,Short S.23 Empire Flying Boat,"Atlantic Ocean, All World",5,1,8,2,13,3,Scheduled Revenue Flight,Flight,North America,Technical Factors,January,1939
1939-07-15,United States Coast Guard,Naval Aircraft Factory PH-2,"Atlantic Ocean, All World",8,3,0,0,8,3,Survey / Patrol / Reconnaissance,Flight,North America,Unknown Reasons,July,1939
1939-08-09,Royal Air Force,Vickers 290 Wellington I,"North Sea, All World",3,3,0,0,3,3,Survey / Patrol / Reconnaissance,Flight,Europe,Disappeared Without Trace,August,1939
1939-10-02,Royal Air Force,Armstrong Whitworth AW.38 Whitley,"North Sea, All World",5,5,0,0,5,5,Bombing,Flight,Europe,Disappeared Without Trace,October,1939
1939-10-14,Royal Air Force,Avro 652 Anson,"The Channel, All World",0,0,0,0,0,0,Survey / Patrol / Reconnaissance,Flight,Europe,Disappeared Without Trace,October,1939
1939-10-25,Royal Air Force,Armstrong Whitworth AW.38 Whitley,"North Sea, All World",5,5,0,0,5,5,Bombing,Flight,Europe,Disappeared Without Trace,October,1939
1939-12-01,Royal Air Force,Avro 652 Anson,"Atlantic Ocean, All World",5,5,0,0,5,5,Training,Flight,Europe,Disappeared Without Trace,December,1939
1939-12-06,Royal Air Force,Avro 652 Anson,"North Sea, All World",4,4,0,0,4,4,Survey / Patrol / Reconnaissance,Flight,Europe,Conflict Factors,December,1939
1939-12-18,Royal Air Force,Vickers 408 Wellington IA,"North Sea, All World",5,5,0,0,5,5,Survey / Patrol / Reconnaissance,Flight,Europe,Conflict Factors,December,1939
1939-12-18,Royal Air Force,Vickers 408 Wellington IA,"North Sea, All World",6,6,0,0,6,6,Survey / Patrol / Reconnaissance,Flight,Europe,Conflict Factors,December,1939
1939-12-18,Royal Air Force,Vickers 408 Wellington IA,"North Sea, All World",5,1,0,0,5,1,Survey / Patrol / Reconnaissance,Flight,Europe,Conflict Factors,December,1939
1940-01-02,Royal Air Force,Vickers 408 Wellington IA,"North Sea, All World",6,6,0,0,6,6,Survey / Patrol / Reconnaissance,Flight,Europe,Conflict Factors,January,1940
1940-01-02,Royal Air Force,Vickers 408 Wellington IA,"North Sea, All World",6,6,0,0,6,6,Survey / Patrol / Reconnaissance,Flight,Europe,Conflict Factors,January,1940
1940-02-21,Royal Air Force,Vickers 408 Wellington IA,"North Sea, All World",6,6,0,0,6,6,Survey / Patrol / Reconnaissance,Flight,Europe,Disappeared Without Trace,February,1940
1940-03-01,Imperial Airways,Handley Page H.P.42,"Gulf of Oman, All World",4,4,4,4,8,8,Scheduled Revenue Flight,Flight,Asia,Crashing The Other Objects,March,1940
1940-03-27,Royal Air Force,Avro 652 Anson,"The Channel, All World",4,4,0,0,4,4,Training,Flight,Europe,Human Errors,March,1940
1940-04-07,Royal Air Force,Vickers 408 Wellington IA,"North Sea, All World",6,6,0,0,6,6,Survey / Patrol / Reconnaissance,Flight,Europe,Conflict Factors,April,1940
1940-04-07,Royal Air Force,Vickers 408 Wellington IA,"North Sea, All World",6,6,0,0,6,6,Survey / Patrol / Reconnaissance,Flight,Europe,Conflict Factors,April,1940
1940-04-12,Royal Air Force,Armstrong Whitworth AW.38 Whitley,"North Sea, All World",5,5,0,0,5,5,Survey / Patrol / Reconnaissance,Flight,Europe,Disappeared Without Trace,April,1940
1940-04-18,Royal Air Force,Vickers 408 Wellington IA,"North Sea, All World",6,6,0,0,6,6,Survey / Patrol / Reconnaissance,Flight,Europe,Disappeared Without Trace,April,1940
1940-04-18,Royal Air Force,Armstrong Whitworth AW.38 Whitley,"North Sea, All World",5,1,0,0,5,1,Survey / Patrol / Reconnaissance,Flight,Europe,Human Errors,April,1940
1940-04-23,Royal Air Force,Armstrong Whitworth AW.38 Whitley,"North Sea, All World",5,5,0,0,5,5,Bombing,Flight,Europe,Disappeared Without Trace,April,1940
1940-04-30,Royal Air Force,Vickers 416 Wellington IC,"North Sea, All World",6,6,0,0,6,6,Bombing,Flight,Europe,Disappeared Without Trace,April,1940
1940-04-30,Royal Air Force,Armstrong Whitworth AW.38 Whitley,"North Sea, All World",5,5,0,0,5,5,Bombing,Flight,Europe,Disappeared Without Trace,April,1940
1940-05-19,Royal Air Force,Armstrong Whitworth AW.38 Whitley,"North Sea, All World",5,0,0,0,5,0,Bombing,Flight,Europe,Conflict Factors,May,1940
1940-05-29,Royal Air Force,Avro 652 Anson,"North Sea, All World",4,4,0,0,4,4,Military,Flight,Europe,Technical Factors,May,1940
1940-06-11,Royal Air Force,Vickers 416 Wellington IC,"North Sea, All World",6,6,0,0,6,6,Survey / Patrol / Reconnaissance,Flight,Europe,Unknown Reasons,June,1940
1940-06-22,Royal Air Force,Vickers 416 Wellington IC,"North Sea, All World",6,0,0,0,6,0,Bombing,Flight,Europe,Conflict Factors,June,1940
1940-07-12,Royal Air Force,Vickers 416 Wellington IC,"North Sea, All World",6,6,0,0,6,6,Bombing,Flight,Europe,Disappeared Without Trace,July,1940
1940-08-31,Royal Air Force,Blackburn B-26 Botha,"North Sea, All World",4,4,0,0,4,4,Training,Landing,Europe,Disappeared Without Trace,August,1940
1940-09-09,Royal Air Force,Vickers 416 Wellington IC,"North Sea, All World",6,6,0,0,6,6,Bombing,Flight,Europe,Disappeared Without Trace,September,1940
1940-09-12,Royal Air Force,Avro 652 Anson,"Celtic Sea, All World",5,5,0,0,5,5,Survey / Patrol / Reconnaissance,Flight,Europe,Unknown Reasons,September,1940
1940-09-28,Royal Air Force,Vickers 416 Wellington IC,"North Sea, All World",6,3,0,0,6,3,Bombing,Flight,Europe,Unknown Reasons,September,1940
1940-10-24,Royal Air Force,Vickers 416 Wellington IC,"North Sea, All World",6,6,0,0,6,6,Bombing,Flight,Europe,Disappeared Without Trace,October,1940
1940-11-14,Royal Air Force,Armstrong Whitworth AW.38 Whitley,"North Sea, All World",5,5,0,0,5,5,Bombing,Flight,Europe,Disappeared Without Trace,November,1940
1940-11-27,AIRFRANCE,Farman NC.223,"Mediterranean Sea, All World",5,5,1,1,6,6,Postal,Flight,Europe,Conflict Factors,November,1940
1941-01-10,LATI,Savoia-Marchetti SM.83,"Mediterranean Sea, All World",4,4,12,12,16,16,Scheduled Revenue Flight,Flight,Unknown,Disappeared Without Trace,January,1941
1941-01-15,LATI,Savoia-Marchetti SM.75,"Atlantic Ocean, All World",4,4,6,6,10,10,Scheduled Revenue Flight,Flight,South America,Technical Factors,January,1941
1941-02-21,Royal Air Force,Saro A.36 Lerwick,"Atlantic Ocean, All World",14,14,0,0,14,14,Survey / Patrol / Reconnaissance,Flight,Europe,Disappeared Without Trace,February,1941
1941-06-21,Manchurian Airlines,Mitsubishi MC-20,"Japan Sea, All World",3,3,15,15,18,18,Scheduled Revenue Flight,Flight,Asia,Disappeared Without Trace,June,1941
1941-07-06,Royal Air Force,Bristol 130 Bombay,"Mediterranean Sea, All World",0,0,0,0,0,0,Military,Flight,Europe,Technical Factors,July,1941
1941-07-23,Luftwaffe,Focke-Wulf Fw.200 Condor,"Atlantic Ocean, All World",0,0,0,0,0,0,Military,Flight,Europe,Conflict Factors,July,1941
1941-10-21,Royal Air Force,Avro 679 Manchester,"North Sea, All World",7,7,0,0,7,7,Bombing,Flight,Europe,Technical Factors,October,1941
1941-11-08,Royal Air Force,Avro 679 Manchester,"North Sea, All World",7,7,0,0,7,7,Survey / Patrol / Reconnaissance,Flight,Europe,Disappeared Without Trace,November,1941
1942-01-31,Royal Air Force,Avro 679 Manchester,"The Channel, All World",8,8,0,0,8,8,Military,Flight,Europe,Unknown Reasons,January,1942
1942-01-31,Royal Air Force,Vickers 290 Wellington I,"Mediterranean Sea, All World",0,0,0,0,0,0,Military,Flight,Africa,Technical Factors,January,1942
1942-02-01,Royal Air Force,Avro 679 Manchester,"The Channel, All World",8,2,0,0,8,2,Military,Flight,Europe,Conflict Factors,February,1942
1942-02-20,United States AAF,Boeing B-17 Flying Fortress,"Atlantic Ocean, All World",0,0,0,0,0,0,Military,Flight,Unknown,Disappeared Without Trace,February,1942
1942-02-28,BOAC,Short S.23 Empire Flying Boat,"Indian Ocean, All World",4,4,18,18,22,22,Humanitarian,Flight,Asia,Conflict Factors,February,1942
1942-03-25,United States AAF,Martin B-26 Marauder,"Philippines Sea, All World",7,7,0,0,7,7,Military,Flight,Asia,Poor Weather,March,1942
1942-03-26,Air Force,Airspeed AS.10 Oxford,"Pacific Ocean, All World",3,3,0,0,3,3,Training,Flight,Australia & Oceania,Poor Weather,March,1942
1942-03-26,Royal Air Force,Avro 679 Manchester,"North Sea, All World",7,7,0,0,7,7,Bombing,Flight,Europe,Disappeared Without Trace,March,1942
1942-03-30,Royal Air Force,Avro 679 Manchester,"North Sea, All World",7,7,0,0,7,7,Bombing,Flight,Europe,Disappeared Without Trace,March,1942
1942-03-30,Royal Air Force,Avro 679 Manchester,"North Sea, All World",7,7,0,0,7,7,Bombing,Flight,Europe,Human Errors,March,1942
1942-04-17,Royal Air Force,Avro 679 Manchester,"The Channel, All World",7,7,0,0,7,7,Bombing,Flight,Europe,Disappeared Without Trace,April,1942
1942-04-23,Air Force,Lockheed L-414 Hudson,"Timor Sea, All World",4,4,0,0,4,4,Military,Flight,Australia & Oceania,Disappeared Without Trace,April,1942
1942-05-09,Royal Air Force,Avro 683 Lancaster,"North Sea, All World",8,8,0,0,8,8,Bombing,Flight,Europe,Disappeared Without Trace,May,1942
1942-05-31,Royal Air Force,Avro 679 Manchester,"North Sea, All World",7,7,0,0,7,7,Bombing,Flight,Europe,Disappeared Without Trace,May,1942
1942-06-03,United States NAVY,Martin PBM Mariner,"Atlantic Ocean, All World",12,12,0,0,12,12,Survey / Patrol / Reconnaissance,Flight,North America,Disappeared Without Trace,June,1942
1942-06-04,United States AAF,Martin B-26 Marauder,"Pacific Ocean, All World",7,7,0,0,7,7,Bombing,Flight,North America,Conflict Factors,June,1942
1942-06-05,United States NAVY,Consolidated PBY-5A Catalina,"Gulf of Mexico, All World",7,7,0,0,7,7,Survey / Patrol / Reconnaissance,Flight,North America,Disappeared Without Trace,June,1942
1942-06-07,Royal Air Force,Avro 679 Manchester,"North Sea, All World",7,2,0,0,7,2,Bombing,Flight,Europe,Human Errors,June,1942
1942-06-07,Royal Air Force,Avro 679 Manchester,"North Sea, All World",7,7,0,0,7,7,Bombing,Flight,Europe,Disappeared Without Trace,June,1942
1942-06-07,Royal Air Force,Avro 679 Manchester,"North Sea, All World",7,7,0,0,7,7,Bombing,Flight,Europe,Disappeared Without Trace,June,1942
1942-06-11,Royal Air Force,Short S.25 Sunderland,"Atlantic Ocean, All World",9,9,0,0,9,9,Survey / Patrol / Reconnaissance,Flight,Africa,Disappeared Without Trace,June,1942
1942-06-17,Air Force,Lockheed L-414 Hudson,"Timor Sea, All World",5,5,0,0,5,5,Survey / Patrol / Reconnaissance,Flight,Asia,Technical Factors,June,1942
1942-06-20,Royal Air Force,Avro 679 Manchester,"North Sea, All World",7,7,0,0,7,7,Survey / Patrol / Reconnaissance,Flight,Europe,Disappeared Without Trace,June,1942
1942-06-26,Royal Air Force,Lockheed L-414 Hudson,"North Sea, All World",4,2,0,0,4,2,Bombing,Flight,Europe,Conflict Factors,June,1942
1942-07-04,Air Force,Lockheed L-414 Hudson,"Coral Sea, All World",4,4,0,0,4,4,Military,Flight,Australia & Oceania,Disappeared Without Trace,July,1942
1942-07-12,Royal Air Force,Avro 683 Lancaster,"North Sea, All World",7,7,0,0,7,7,Bombing,Flight,Europe,Disappeared Without Trace,July,1942
1942-07-14,United States NAVY,Consolidated PBY-5A Catalina,"Pacific Ocean, All World",9,9,0,0,9,9,Survey / Patrol / Reconnaissance,Flight,North America,Disappeared Without Trace,July,1942
1942-07-25,Royal Air Force,Short S.25 Sunderland,"Mediterranean Sea, All World",13,13,0,0,13,13,Survey / Patrol / Reconnaissance,Flight,Unknown,Disappeared Without Trace,July,1942
1942-07-29,Royal Air Force,Vickers 416 Wellington IC,"North Sea, All World",5,5,0,0,5,5,Bombing,Flight,Europe,Disappeared Without Trace,July,1942
1942-09-17,Royal Air Force,Avro 683 Lancaster,"North Sea, All World",7,0,0,0,7,0,Bombing,Flight,Europe,Unknown Reasons,September,1942
1942-11-12,Air Force,Douglas DC-3,"Coral Sea, All World",4,0,0,0,4,0,Military,Flight,Australia & Oceania,Human Errors,November,1942
1942-11-15,LATI,Savoia-Marchetti SM.75,"Mediterranean Sea, All World",4,4,0,0,4,4,Scheduled Revenue Flight,Flight,Unknown,Conflict Factors,November,1942
1942-11-22,Marineluchtvaartdienst,Lockheed L-414 Hudson,"North Sea, All World",4,4,0,0,4,4,Survey / Patrol / Reconnaissance,Flight,Europe,Disappeared Without Trace,November,1942
1942-11-23,LATI,Savoia-Marchetti SM.75,"Mediterranean Sea, All World",4,4,0,0,4,4,Scheduled Revenue Flight,Flight,Unknown,Conflict Factors,November,1942
1942-11-24,United States AAF,Consolidated B-24 Liberator,"Atlantic Ocean, All World",5,5,0,0,5,5,Delivery,Flight,Unknown,Disappeared Without Trace,November,1942
1942-11-26,United States NAVY,Consolidated PBY-5A Catalina,"Pacific Ocean, All World",9,9,0,0,9,9,Survey / Patrol / Reconnaissance,Flight,North America,Disappeared Without Trace,November,1942
1942-12-09,United States AAF,Consolidated C-87 Liberator Express,"Atlantic Ocean, All World",5,5,5,5,10,10,Military,Flight,South America,Disappeared Without Trace,December,1942
1942-12-14,United States NAVY,Consolidated PBY-5A Catalina,"Atlantic Ocean, All World",8,0,0,0,8,0,Survey / Patrol / Reconnaissance,Flight,South America,Human Errors,December,1942
1942-12-17,United States NAVY,Consolidated PBY-5A Catalina,"Pacific Ocean, All World",7,7,0,0,7,7,Military,Flight,Unknown,Poor Weather,December,1942
1942-12-19,Royal Air Force,Handley Page H.P.54 Harrow,"Bay of Biscay, All World",7,7,4,4,11,11,Military,Flight,Europe,Disappeared Without Trace,December,1942
1942-12-27,United States NAVY,Consolidated PBY-5A Catalina,"Atlantic Ocean, All World",8,8,0,0,8,8,Supply,Flight,Europe,Poor Weather,December,1942
1943-01-01,United States NAVY,Consolidated PBY-5A Catalina,"Pacific Ocean, All World",5,3,0,0,5,3,Military,Flight,Unknown,Human Errors,January,1943
1943-01-17,United States AAF,Consolidated C-87 Liberator Express,"Atlantic Ocean, All World",6,6,20,20,26,26,Military,Flight,South America,Poor Weather,January,1943
1943-01-22,Royal Air Force,Lockheed PV-1 Ventura,"The Channel, All World",4,4,0,0,4,4,Bombing,Flight,Europe,Unknown Reasons,January,1943
1943-02-15,Royal Air Force,Martin B-26 Marauder,"Aegean Sea, All World",6,6,0,0,6,6,Survey / Patrol / Reconnaissance,Flight,Europe,Conflict Factors,February,1943
1943-02-18,MLKNIL,North American B-25 Mitchell,"Timor Sea, All World",6,2,0,0,6,2,Bombing,Flight,Australia & Oceania,Conflict Factors,February,1943
1943-03-05,United States NAVY,Consolidated PBY-5A Catalina,"Pacific Ocean, All World",8,8,0,0,8,8,Military,Flight,North America,Disappeared Without Trace,March,1943
1943-03-07,Royal Air Force,Handley Page H.P.57 Halifax II,"North Sea, All World",7,7,0,0,7,7,Bombing,Flight,Europe,Technical Factors,March,1943
1943-03-18,United States AAF,Consolidated B-24 Liberator,"Mediterranean Sea, All World",9,9,0,0,9,9,Bombing,Flight,Unknown,Disappeared Without Trace,March,1943
1943-04-04,Royal Air Force,Lockheed PV-1 Ventura,"North Sea, All World",4,4,0,0,4,4,Bombing,Flight,Europe,Conflict Factors,April,1943
1943-04-10,LATI,Savoia-Marchetti SM.75,"Mediterranean Sea, All World",3,3,0,0,3,3,Scheduled Revenue Flight,Flight,Unknown,Conflict Factors,April,1943
1943-04-13,LATI,Savoia-Marchetti SM.75,"Mediterranean Sea, All World",3,3,0,0,3,3,Scheduled Revenue Flight,Flight,Unknown,Conflict Factors,April,1943
1943-04-19,LATI,Savoia-Marchetti SM.75,"Mediterranean Sea, All World",3,3,0,0,3,3,Scheduled Revenue Flight,Flight,Unknown,Conflict Factors,April,1943
1943-04-25,Royal Air Force,Martin B-26 Marauder,"Tyrrhenian Sea, All World",6,6,0,0,6,6,Survey / Patrol / Reconnaissance,Flight,Europe,Disappeared Without Trace,April,1943
1943-04-28,Air Force,Lockheed L-414 Hudson,"Arafura Sea, All World",6,6,0,0,6,6,Survey / Patrol / Reconnaissance,Flight,Australia & Oceania,Disappeared Without Trace,April,1943
1943-05-05,United States NAVY,Consolidated PBY-5A Catalina,"Gulf of Mexico, All World",4,3,0,0,4,3,Survey / Patrol / Reconnaissance,Flight,North America,Crashing The Other Objects,May,1943
1943-06-01,BOAC,Douglas DC-3,"Bay of Biscay, All World",4,4,13,13,17,17,Scheduled Revenue Flight,Flight,Europe,Conflict Factors,June,1943
1943-06-04,Air Force,Consolidated PBY-5A Catalina,"Pacific Ocean, All World",7,7,8,8,15,15,Military,Flight,Australia & Oceania,Unknown Reasons,June,1943
1943-06-11,Royal Air Force,Boeing B-17 Flying Fortress,"Atlantic Ocean, All World",8,0,0,0,8,0,Bombing,Flight,Europe,Conflict Factors,June,1943
1943-06-11,United States NAVY,Consolidated PBY-5A Catalina,"Atlantic Ocean, All World",9,8,0,0,9,8,Ambulance,Landing,Europe,Poor Weather,June,1943
1943-06-13,Royal Air Force,Consolidated PBY-5A Catalina,"Atlantic Ocean, All World",10,10,0,0,10,10,Survey / Patrol / Reconnaissance,Flight,Europe,Disappeared Without Trace,June,1943
1943-06-20,Royal Air Force,Consolidated B-24 Liberator,"Atlantic Ocean, All World",8,2,0,0,8,2,Military,Flight,Unknown,Technical Factors,June,1943
1943-06-27,Air Force,Lockheed L-414 Hudson,"Pacific Ocean, All World",5,5,0,0,5,5,Bombing,Flight,Australia & Oceania,Technical Factors,June,1943
1943-07-17,United States NAVY,Consolidated PBY-5A Catalina,"Gulf of Mexico, All World",8,8,0,0,8,8,Survey / Patrol / Reconnaissance,Flight,North America,Disappeared Without Trace,July,1943
1943-08-03,Royal Air Force,Consolidated PBY-5A Catalina,"Atlantic Ocean, All World",8,8,0,0,8,8,Military,Flight,Europe,Disappeared Without Trace,August,1943
1943-08-03,United States NAVY,Martin PBM Mariner,"Atlantic Ocean, All World",12,12,0,0,12,12,Bombing,Flight,South America,Conflict Factors,August,1943
1943-08-04,Royal Air Force,Short S.25 Sunderland,"Atlantic Ocean, All World",11,5,0,0,11,5,Bombing,Flight,Europe,Conflict Factors,August,1943
1943-08-15,Air Force,Lockheed L-414 Hudson,"Arafura Sea, All World",4,4,0,0,4,4,Survey / Patrol / Reconnaissance,Flight,Australia & Oceania,Conflict Factors,August,1943
1943-08-15,United States AAF,Consolidated B-24 Liberator,"Solomon Sea, All World",11,11,0,0,11,11,Survey / Patrol / Reconnaissance,Flight,Australia & Oceania,Conflict Factors,August,1943
1943-08-23,Royal Canadian Air Force,Avro 652 Anson,"Pacific Ocean, All World",3,0,0,0,3,0,Training,Flight,North America,Technical Factors,August,1943
1943-08-24,Royal Air Force,Consolidated B-24 Liberator,"Bay of Bengal, All World",8,8,0,0,8,8,Survey / Patrol / Reconnaissance,Flight,Asia,Disappeared Without Trace,August,1943
1943-08-27,AB Aerotransport,Douglas DC-3,"North Sea, All World",4,4,3,3,7,7,Scheduled Revenue Flight,Flight,Europe,Conflict Factors,August,1943
1943-09-02,Royal Air Force,Consolidated B-24 Liberator,"Bay of Biscay, All World",0,0,0,0,0,0,Survey / Patrol / Reconnaissance,Flight,Europe,Conflict Factors,September,1943
1943-09-02,Royal Air Force,Consolidated B-24 Liberator,"Bay of Biscay, All World",8,8,0,0,8,8,Survey / Patrol / Reconnaissance,Flight,Europe,Conflict Factors,September,1943
1943-09-10,United States AAF,Boeing B-17 Flying Fortress,"Gulf of Mexico, All World",11,11,0,0,11,11,Training,Flight,North America,Human Errors,September,1943
1943-09-10,United States AAF,Boeing B-17 Flying Fortress,"Gulf of Mexico, All World",11,11,0,0,11,11,Training,Flight,North America,Human Errors,September,1943
1943-09-22,Royal Air Force,Consolidated B-24 Liberator,"Bay of Bengal, All World",8,8,0,0,8,8,Survey / Patrol / Reconnaissance,Flight,Asia,Conflict Factors,September,1943
1943-10-02,United States NAVY,Consolidated PBY-5A Catalina,"Gulf of Mexico, All World",9,9,0,0,9,9,Survey / Patrol / Reconnaissance,Flight,North America,Disappeared Without Trace,October,1943
1943-10-06,United States AAF,Consolidated B-24 Liberator,"Pacific Ocean, All World",10,10,0,0,10,10,Training,Flight,North America,Disappeared Without Trace,October,1943
1943-10-06,United States NAVY,Martin PBM Mariner,"Caribbean Sea, All World",10,10,0,0,10,10,Survey / Patrol / Reconnaissance,Flight,North America,Disappeared Without Trace,October,1943
1943-10-15,Air Force,Lockheed L-414 Hudson,"Arafura Sea, All World",5,5,0,0,5,5,Survey / Patrol / Reconnaissance,Flight,Australia & Oceania,Disappeared Without Trace,October,1943
1943-10-19,Royal Air Force,Martin B-26 Marauder,"Adriatic Sea, All World",6,5,0,0,6,5,Survey / Patrol / Reconnaissance,Flight,Europe,Technical Factors,October,1943
1943-10-20,United States AAF,Douglas C-47 Skytrain (DC-3),"Pacific Ocean, All World",6,6,8,8,14,14,Military,Flight,North America,Disappeared Without Trace,October,1943
1943-10-24,United States AAF,Consolidated B-24 Liberator,"Tyrrhenian Sea, All World",8,8,0,0,8,8,Military,Flight,Europe,Disappeared Without Trace,October,1943
1943-11-06,United States NAVY,Consolidated PBY-5A Catalina,"Pacific Ocean, All World",9,9,0,0,9,9,Military,Flight,North America,Disappeared Without Trace,November,1943
1943-11-10,Royal Air Force,Short S.25 Sunderland,"Bay of Biscay, All World",8,8,4,4,12,12,Military,Flight,Europe,Conflict Factors,November,1943
1943-11-17,United States NAVY,Consolidated PBY-5A Catalina,"Gulf of Mexico, All World",8,8,0,0,8,8,Survey / Patrol / Reconnaissance,Flight,North America,Technical Factors,November,1943
1943-11-18,Royal Air Force,Avro 683 Lancaster,"Bay of Biscay, All World",7,7,0,0,7,7,Military,Flight,Europe,Conflict Factors,November,1943
1943-11-20,Royal Canadian Air Force,Short S.25 Sunderland,"Atlantic Ocean, All World",11,11,0,0,11,11,Bombing,Flight,Europe,Disappeared Without Trace,November,1943
1943-11-22,Royal Air Force,Consolidated PBY-5A Catalina,"Atlantic Ocean, All World",9,9,0,0,9,9,Training,Flight,Unknown,Disappeared Without Trace,November,1943
1943-12-09,Marineluchtvaartdienst,Consolidated PBY-5A Catalina,"Bay of Bengal, All World",11,0,0,0,11,0,Survey / Patrol / Reconnaissance,Flight,Asia,Technical Factors,December,1943
1943-12-19,Royal Air Force,Short S.25 Sunderland,"Atlantic Ocean, All World",19,19,0,0,19,19,Military,Flight,Europe,Disappeared Without Trace,December,1943
1943-12-24,Royal Air Force,Short S.25 Sunderland,"Bay of Biscay, All World",12,12,9,9,21,21,Survey / Patrol / Reconnaissance,Flight,Europe,Conflict Factors,December,1943
1943-12-25,Royal Air Force,Douglas DC-3,"Atlantic Ocean, All World",4,4,0,0,4,4,Military,Flight,Europe,Disappeared Without Trace,December,1943
1943-12-27,United States NAVY,Douglas DC-3,"Coral Sea, All World",3,3,21,21,24,24,Military,Flight,Unknown,Disappeared Without Trace,December,1943
1943-12-30,United States NAVY,Consolidated PBY-5A Catalina,"Pacific Ocean, All World",6,6,0,0,6,6,Military,Flight,Australia & Oceania,Disappeared Without Trace,December,1943
1944-01-06,Royal Air Force,Short S.25 Sunderland,"Atlantic Ocean, All World",11,11,0,0,11,11,Survey / Patrol / Reconnaissance,Flight,Europe,Conflict Factors,January,1944
1944-02-08,Royal Air Force,Martin B-26 Marauder,"Mediterranean Sea, All World",0,0,0,0,0,0,Military,Flight,Unknown,Disappeared Without Trace,February,1944
1944-02-12,United States NAVY,Consolidated PBY-5A Catalina,"Gulf of Mexico, All World",5,0,0,0,5,0,Survey / Patrol / Reconnaissance,Flight,North America,Human Errors,February,1944
1944-02-16,United States NAVY,Douglas C-47 Skytrain (DC-3),"Pacific Ocean, All World",2,2,12,12,14,14,Military,Flight,North America,Disappeared Without Trace,February,1944
1944-02-27,MLKNIL,North American B-25 Mitchell,"Pacific Ocean, All World",4,3,0,0,4,3,Military,Flight,Unknown,Human Errors,February,1944
1944-03-17,Royal Canadian Air Force,Douglas C-47 Skytrain (DC-3),"Pacific Ocean, All World",2,2,0,0,2,2,Military,Flight,North America,Disappeared Without Trace,March,1944
1944-03-25,United States AAF,Douglas C-54 Skymaster,"Atlantic Ocean, All World",6,6,0,0,6,6,Military,Flight,Europe,Conflict Factors,March,1944
1944-04-01,Royal Air Force,Lockheed PV-1 Ventura,"Mediterranean Sea, All World",5,5,0,0,5,5,Survey / Patrol / Reconnaissance,Flight,Africa,Conflict Factors,April,1944
1944-04-02,United States AAF,Douglas C-47 Skytrain (DC-3),"Pacific Ocean, All World",5,5,0,0,5,5,Military,Flight,North America,Disappeared Without Trace,April,1944
1944-04-06,United States NAVY,Consolidated PBY-5A Catalina,"Caribbean Sea, All World",3,0,27,16,30,16,Military,Flight,North America,Technical Factors,April,1944
1944-04-15,United States AAF,Douglas C-47 Skytrain (DC-3),"Atlantic Ocean, All World",0,0,0,0,0,0,Military,Flight,South America,Disappeared Without Trace,April,1944
1944-04-30,United States NAVY,Consolidated PBY-5A Catalina,"Pacific Ocean, All World",8,3,0,0,8,3,Military,Landing,Unknown,Unknown Reasons,April,1944
1944-05-10,United States AAF,Consolidated B-24 Liberator,"Pacific Ocean, All World",10,10,0,0,10,10,Military,Flight,Australia & Oceania,Disappeared Without Trace,May,1944
1944-05-15,Swedish Air Force,Caproni Ca.133,"Baltic Sea, All World",4,4,0,0,4,4,Survey / Patrol / Reconnaissance,Flight,Europe,Conflict Factors,May,1944
1944-05-21,United States NAVY,Consolidated PBY-5A Catalina,"Pacific Ocean, All World",8,6,0,0,8,6,Military,Flight,Unknown,Technical Factors,May,1944
1944-05-23,Swedish Air Force,Caproni Ca.133,"Baltic Sea, All World",4,4,0,0,4,4,Survey / Patrol / Reconnaissance,Flight,Europe,Conflict Factors,May,1944
1944-05-24,Royal Canadian Air Force,Short S.25 Sunderland,"Norwegian Sea, All World",12,12,0,0,12,12,Survey / Patrol / Reconnaissance,Flight,Europe,Conflict Factors,May,1944
1944-06-06,United States AAF,Douglas C-53 Skytrooper (DC-3),"The Channel, All World",4,0,0,0,4,0,Military,Flight,Europe,Human Errors,June,1944
1944-06-07,United States AAF,Douglas C-47 Skytrain (DC-3),"The Channel, All World",4,0,0,0,4,0,Supply,Flight,Europe,Conflict Factors,June,1944
1944-06-07,United States AAF,Douglas C-47 Skytrain (DC-3),"The Channel, All World",5,2,2,0,7,2,Supply,Flight,Europe,Disappeared Without Trace,June,1944
1944-06-08,United States AAF,Consolidated B-24 Liberator,"The Channel, All World",10,5,0,0,10,5,Bombing,Flight,Europe,Unknown Reasons,June,1944
1944-06-12,Royal Air Force,Short S.25 Sunderland,"Bay of Biscay, All World",11,11,0,0,11,11,Survey / Patrol / Reconnaissance,Flight,Europe,Conflict Factors,June,1944
1944-06-12,Royal Air Force,Short S.25 Sunderland,"Bay of Biscay, All World",12,12,0,0,12,12,Survey / Patrol / Reconnaissance,Flight,Europe,Conflict Factors,June,1944
1944-06-13,Royal Canadian Air Force,Canadian Vickers PBV-1 Canso (OA-10 Canso),"Norwegian Sea, All World",5,1,0,0,5,1,Bombing,Flight,Europe,Conflict Factors,June,1944
1944-06-16,United States NAVY,Consolidated PBY-5A Catalina,"Pacific Ocean, All World",7,7,0,0,7,7,Survey / Patrol / Reconnaissance,Flight,North America,Poor Weather,June,1944
1944-06-21,United States NAVY,Martin PBM Mariner,"Pacific Ocean, All World",12,12,0,0,12,12,Survey / Patrol / Reconnaissance,Flight,Unknown,Conflict Factors,June,1944
1944-06-24,Royal Canadian Air Force,Consolidated Canso,"Norwegian Sea, All World",3,3,0,0,3,3,Bombing,Flight,Europe,Conflict Factors,June,1944
1944-07-24,United States AAF,Martin B-26 Marauder,"Gulf of Mexico, All World",6,6,0,0,6,6,Survey / Patrol / Reconnaissance,Flight,North America,Disappeared Without Trace,July,1944
1944-07-26,United States AAF,Douglas C-54 Skymaster,"Atlantic Ocean, All World",6,6,20,20,26,26,Military,Flight,Unknown,Disappeared Without Trace,July,1944
1944-08-13,United States NAVY,Consolidated PBY-5A Catalina,"Pacific Ocean, All World",4,4,0,0,4,4,Survey / Patrol / Reconnaissance,Flight,Unknown,Disappeared Without Trace,August,1944
1944-08-14,Royal Air Force,Douglas C-47 Skytrain (DC-3),"Atlantic Ocean, All World",0,0,0,0,0,0,Delivery,Flight,South America,Technical Factors,August,1944
1944-08-20,Air Force,Lockheed L-414 Hudson,"Pacific Ocean, All World",7,7,0,0,7,7,Military,Flight,Australia & Oceania,Technical Factors,August,1944
1944-08-20,Air Force,Lockheed L-414 Hudson,"Pacific Ocean, All World",7,7,0,0,7,7,Military,Flight,Australia & Oceania,Poor Weather,August,1944
1944-08-21,United States AAF,Douglas C-47 Skytrain (DC-3),"Atlantic Ocean, All World",6,6,2,2,8,8,Military,Flight,Europe,Poor Weather,August,1944
1944-09-05,United States NAVY,Martin PBM Mariner,"Pacific Ocean, All World",4,4,0,0,4,4,Ferry,Flight,Australia & Oceania,Technical Factors,September,1944
1944-09-18,Royal Air Force,Douglas C-47 Skytrain (DC-3),"North Sea, All World",4,4,0,0,4,4,Military,Flight,Europe,Disappeared Without Trace,September,1944
1944-09-18,United States AAF,Douglas C-47 Skytrain (DC-3),"North Sea, All World",4,0,0,0,4,0,Supply,Flight,Europe,Conflict Factors,September,1944
1944-10-04,Royal Air Force,Consolidated B-24 Liberator,"North Sea, All World",9,9,0,0,9,9,Bombing,Flight,Europe,Conflict Factors,October,1944
1944-10-15,United States NAVY,Consolidated PBY-5A Catalina,"Atlantic Ocean, All World",7,7,0,0,7,7,Survey / Patrol / Reconnaissance,Flight,Unknown,Disappeared Without Trace,October,1944
1944-10-15,AEROFLOT,Douglas C-47 Skytrain (DC-3),"Baltic Sea, All World",5,5,2,2,7,7,Supply,Flight,Europe,Poor Weather,October,1944
1944-10-26,Air Force,Lockheed PV-1 Ventura,"Pacific Ocean, All World",5,5,0,0,5,5,Military,Flight,Australia & Oceania,Technical Factors,October,1944
1944-10-29,United States AAF,Consolidated B-24 Liberator,"Timor Sea, All World",10,10,0,0,10,10,Military,Flight,Asia,Technical Factors,October,1944
1944-11-11,United States AAF,Consolidated B-24 Liberator,"Adriatic Sea, All World",11,11,0,0,11,11,Military,Flight,Europe,Disappeared Without Trace,November,1944
1944-11-11,United States AAF,Douglas C-54 Skymaster,"Pacific Ocean, All World",6,6,11,11,17,17,Military,Flight,North America,Technical Factors,November,1944
1944-11-13,United States AAF,Douglas C-47 Skytrain (DC-3),"North Sea, All World",4,4,0,0,4,4,Military,Flight,Europe,Disappeared Without Trace,November,1944
1944-11-23,United States AAF,Douglas C-47 Skytrain (DC-3),"The Channel, All World",4,4,0,0,4,4,Cargo,Flight,Europe,Poor Weather,November,1944
1944-11-27,United States AAF,Douglas C-47 Skytrain (DC-3),"Pacific Ocean, All World",2,2,19,19,21,21,Military,Flight,Asia,Disappeared Without Trace,November,1944
1944-11-28,Royal Air Force,Short S.25 Sunderland,"Indian Ocean, All World",10,10,0,0,10,10,Survey / Patrol / Reconnaissance,Flight,Asia,Disappeared Without Trace,November,1944
1944-12-07,United States AAF,Douglas C-47 Skytrain (DC-3),"Pacific Ocean, All World",4,4,12,12,16,16,Military,Flight,Asia,Disappeared Without Trace,December,1944
1944-12-12,United States NAVY,Martin PBM Mariner,"Pacific Ocean, All World",10,7,0,0,10,7,Survey / Patrol / Reconnaissance,Flight,North America,Human Errors,December,1944
1944-12-15,United States AAF,Noorduyn Norseman,"The Channel, All World",2,2,1,1,3,3,Charter / Taxi,Flight,Europe,Conflict Factors,December,1944
1944-12-15,Royal Canadian Air Force,Boeing B-17 Flying Fortress,"Atlantic Ocean, All World",5,5,3,3,8,8,Postal,Flight,Europe,Disappeared Without Trace,December,1944
1944-12-30,Trans-Canada Airlines,Avro 691 Lancastrian,"Atlantic Ocean, All World",4,4,1,1,5,5,Postal,Flight,North America,Disappeared Without Trace,December,1944
1945-01-19,Royal Air Force,Douglas DC-3,"North Sea, All World",3,3,0,0,3,3,Training,Flight,Europe,Disappeared Without Trace,January,1945
1945-01-23,United States AAF,Douglas C-47 Skytrain (DC-3),"Ligurian Sea, All World",5,5,0,0,5,5,Military,Flight,Europe,Poor Weather,January,1945
1945-02-06,Royal Air Force,Douglas C-47 Skytrain (DC-3),"Atlantic Ocean, All World",4,4,0,0,4,4,Delivery,Flight,North America,Disappeared Without Trace,February,1945
1945-02-12,United States AAF,Boeing B-17 Flying Fortress,"Pacific Ocean, All World",12,12,0,0,12,12,Survey / Patrol / Reconnaissance,Flight,Australia & Oceania,Technical Factors,February,1945
1945-02-17,United States NAVY,Grumman G-44 Widgeon,"Atlantic Ocean, All World",4,4,0,0,4,4,Military,Flight,North America,Technical Factors,February,1945
1945-02-26,United States AAF,Consolidated C-87 Liberator Express,"Pacific Ocean, All World",6,6,4,4,10,10,Military,Flight,Australia & Oceania,Disappeared Without Trace,February,1945
1945-02-27,United States NAVY,Consolidated PBY-5A Catalina,"Pacific Ocean, All World",9,6,0,0,9,6,Survey / Patrol / Reconnaissance,Landing,Unknown,Human Errors,February,1945
1945-03-07,Air Force,Consolidated PBY-5A Catalina,"Pacific Ocean, All World",9,9,0,0,9,9,Survey / Patrol / Reconnaissance,Flight,Unknown,Disappeared Without Trace,March,1945
1945-03-09,United States AAF,Curtiss C-46 Commando,"Pacific Ocean, All World",7,7,0,0,7,7,Military,Flight,Unknown,Disappeared Without Trace,March,1945
1945-03-10,United States NAVY,Consolidated B-24 Liberator,"Atlantic Ocean, All World",14,14,0,0,14,14,Military,Flight,North America,Disappeared Without Trace,March,1945
1945-03-17,United States NAVY,Consolidated PBY-5A Catalina,"Georgetown, All Ascension Island",8,5,0,0,8,5,Survey / Patrol / Reconnaissance,Takeoff,Africa,Human Errors,March,1945
1945-03-19,Royal Air Force,Douglas C-47 Skytrain (DC-3),"Coral Sea, All World",4,0,24,0,28,0,Military,Flight,Australia & Oceania,Technical Factors,March,1945
1945-03-19,United States NAVY,Douglas C-47 Skytrain (DC-3),"Pacific Ocean, All World",5,5,12,12,17,17,Military,Flight,Asia,Disappeared Without Trace,March,1945
1945-03-27,United States AAF,Douglas C-47 Skytrain (DC-3),"Coral Sea, All World",4,4,20,20,24,24,Military,Flight,Australia & Oceania,Disappeared Without Trace,March,1945
1945-03-27,Royal Air Force,Consolidated LB-30 Liberator,"Atlantic Ocean, All World",7,7,7,7,14,14,Military,Flight,Europe,Disappeared Without Trace,March,1945
1945-03-30,United States NAVY,Martin PBM Mariner,"Pacific Ocean, All World",12,12,0,0,12,12,Bombing,Flight,Unknown,Conflict Factors,March,1945
1945-04-05,Royal Air Force,Short S.25 Sunderland,"Atlantic Ocean, All World",12,12,0,0,12,12,Survey / Patrol / Reconnaissance,Flight,Europe,Technical Factors,April,1945
1945-04-28,Royal Air Force,Douglas C-47 Skytrain (DC-3),"The Channel, All World",5,5,1,1,6,6,Military,Flight,Europe,Disappeared Without Trace,April,1945
1945-06-02,United States NAVY,Consolidated PBY-5A Catalina,"Pacific Ocean, All World",8,8,0,0,8,8,Military,Flight,Unknown,Disappeared Without Trace,June,1945
1945-06-08,United States AAF,Douglas C-47 Skytrain (DC-3),"Pacific Ocean, All World",4,4,4,4,8,8,Military,Flight,Asia,Disappeared Without Trace,June,1945
1945-06-11,United States AAF,Curtiss C-46 Commando,"Pacific Ocean, All World",5,5,0,0,5,5,Military,Flight,Asia,Disappeared Without Trace,June,1945
1945-06-13,United States AAF,Curtiss C-46 Commando,"Pacific Ocean, All World",6,6,0,0,6,6,Military,Flight,Unknown,Disappeared Without Trace,June,1945
1945-06-18,United States NAVY,Martin PBM Mariner,"Yellow Sea, All World",10,5,0,0,10,5,Survey / Patrol / Reconnaissance,Flight,Asia,Technical Factors,June,1945
1945-06-27,Royal Canadian Air Force,Douglas C-47 Skytrain (DC-3),"Pacific Ocean, All World",3,3,0,0,3,3,Training,Flight,North America,Disappeared Without Trace,June,1945
1945-07-04,Royal Air Force,Consolidated PB4Y-2 Privateer,"Atlantic Ocean, All World",4,4,11,11,15,15,Military,Flight,Unknown,Disappeared Without Trace,July,1945
1945-07-09,United States NAVY,Martin PBM Mariner,"Sargasso Sea, All World",12,12,0,0,12,12,Training,Flight,North America,Technical Factors,July,1945
1945-08-01,United States AAF,Boeing B-17 Flying Fortress,"Tyrrhenian Sea, All World",5,1,20,12,25,13,Military,Flight,Europe,Technical Factors,August,1945
1945-08-26,United States AAF,Douglas C-47 Skytrain (DC-3),"Coral Sea, All World",2,2,0,0,2,2,Cargo,Flight,Australia & Oceania,Disappeared Without Trace,August,1945
1945-08-28,United States AAF,Douglas C-47 Skytrain (DC-3),"Pacific Ocean, All World",5,5,14,14,19,19,Military,Flight,Asia,Poor Weather,August,1945
1945-09-16,Royal Air Force,Douglas C-47 Skytrain (DC-3),"Andaman Sea, All World",0,0,0,0,0,0,Military,Flight,Asia,Technical Factors,September,1945
1945-09-19,Air Force,Douglas C-47 Skytrain (DC-3),"Celebes Sea, All World",3,0,20,0,23,0,Military,Flight,Asia,Technical Factors,September,1945
1945-09-24,Air Force,Douglas C-47 Skytrain (DC-3),"Pacific Ocean, All World",4,4,16,16,20,20,Military,Flight,Australia & Oceania,Poor Weather,September,1945
1945-09-26,United States AAF,Curtiss C-46 Commando,"Pacific Ocean, All World",0,0,0,0,0,0,Military,Flight,Unknown,Disappeared Without Trace,September,1945
1945-10-07,United States AAF,Boeing B-29 Superfortress,"Pacific Ocean, All World",8,8,0,0,8,8,Military,Flight,Australia & Oceania,Disappeared Without Trace,October,1945
1945-10-13,United States AAF,Douglas C-47 Skytrain (DC-3),"Pacific Ocean, All World",6,6,0,0,6,6,Military,Flight,Asia,Disappeared Without Trace,October,1945
1945-10-16,United States AAF,Douglas C-47 Skytrain (DC-3),"Pacific Ocean, All World",6,6,11,6,17,12,Military,Flight,Australia & Oceania,Technical Factors,October,1945
1945-11-04,PAN AM,Boeing 314 Clipper,"Pacific Ocean, All World",10,0,13,0,23,0,Scheduled Revenue Flight,Flight,North America,Technical Factors,November,1945
1945-11-07,Royal Air Force,Avro 683 Lancaster,"The Channel, All World",8,8,0,0,8,8,Survey / Patrol / Reconnaissance,Flight,Europe,Disappeared Without Trace,November,1945
1945-11-30,United States NAVY,Consolidated PB4Y-2 Privateer,"Pacific Ocean, All World",8,8,17,17,25,25,Military,Flight,North America,Disappeared Without Trace,November,1945
1945-12-05,United States NAVY,Martin PBM Mariner,"Sargasso Sea, All World",13,13,0,0,13,13,Survey / Patrol / Reconnaissance,Flight,North America,Human Errors,December,1945
1945-12-11,United States AAF,Douglas C-47 Skytrain (DC-3),"Pacific Ocean, All World",4,4,0,0,4,4,Military,Flight,Asia,Disappeared Without Trace,December,1945
1945-12-19,Air Force,Douglas C-47 Skytrain (DC-3),"Timor Sea, All World",4,4,21,21,25,25,Military,Flight,Unknown,Poor Weather,December,1945
1946-03-23,BOAC,Avro 691 Lancastrian,"Indian Ocean, All World",5,5,5,5,10,10,Scheduled Revenue Flight,Flight,Asia,Disappeared Without Trace,March,1946
1946-04-09,Air Force,Consolidated B-24 Liberator,"Celebes Sea, All World",8,1,2,1,10,2,Military,Flight,Asia,Technical Factors,April,1946
1946-07-04,Bristol,Bristol 170 Freighter,"Atlantic Ocean, All World",5,0,0,0,5,0,Delivery,Flight,South America,Technical Factors,July,1946
1946-10-06,Royal Air Force,Avro 685 York,"Malacca Strait, All World",6,6,15,15,21,21,Military,Flight,Asia,Poor Weather,October,1946
1946-10-22,Royal Air Force,Avro 652 Anson,"North Sea, All World",4,4,0,0,4,4,Training,Flight,Europe,Disappeared Without Trace,October,1946
1946-11-02,United States AAF,Douglas C-47 Skytrain (DC-3),"Caribbean Sea, All World",8,8,0,0,8,8,Military,Flight,North America,Disappeared Without Trace,November,1946
1947-02-22,United States NAVY,Martin PBM Mariner,"Pacific Ocean, All World",12,9,1,1,13,10,Survey / Patrol / Reconnaissance,Flight,North America,Unknown Reasons,February,1947
1947-03-20,Royal Air Force,Avro 683 Lancaster,"Atlantic Ocean, All World",9,7,0,0,9,7,Training,Flight,Europe,Human Errors,March,1947
1947-04-18,Royal Air Force,Handley Page H.P.63 Halifax VI,"Atlantic Ocean, All World",9,9,0,0,9,9,Survey / Patrol / Reconnaissance,Flight,Europe,Unknown Reasons,April,1947
1947-07-01,Transportes Aéreos Nacionales - TAN Costa Rica,Douglas C-47 Skytrain (DC-3),"Pacific Ocean, All World",2,2,0,0,2,2,Cargo,Flight,South America,Unknown Reasons,July,1947
1947-07-03,United States AAF,Douglas C-54 Skymaster,"Sargasso Sea, All World",6,6,0,0,6,6,Military,Flight,North America,Poor Weather,July,1947
1947-08-06,United States NAVY,Consolidated PBY-5A Catalina,"Pacific Ocean, All World",5,5,15,15,20,20,Military,Flight,North America,Unknown Reasons,August,1947
1947-08-16,United States AAF,Boeing B-17 Flying Fortress,"Pacific Ocean, All World",4,0,9,3,13,3,Military,Flight,North America,Technical Factors,August,1947
1947-10-14,American International Airlines,Boeing 314 Clipper,"Atlantic Ocean, All World",7,0,62,0,69,0,Charter / Taxi,Flight,North America,Human Errors,October,1947
1948-01-25,Société Indochinoise de Transports Aériens - SITA,Bristol 170 Freighter ,"Mediterranean Sea, All World",3,3,2,2,5,5,Delivery,Flight,Europe,Unknown Reasons,January,1948
1948-01-30,B-S-A-A,Avro 689 Tudor,"Atlantic Ocean, All World",6,6,25,25,31,31,Scheduled Revenue Flight,Flight,Unknown,Disappeared Without Trace,January,1948
1948-02-27,Pullman Airways,Airspeed AS.65 Consul,"Mediterranean Sea, All World",1,1,1,1,2,2,Charter / Taxi,Flight,Africa,Poor Weather,February,1948
1948-03-02,Société de Transports Aériens - STA,AAC.1 Toucan,"Mediterranean Sea, All World",3,3,1,1,4,4,Cargo,Flight,Europe,Unknown Reasons,March,1948
1948-04-05,Royal Air Force,Vickers 619 Wellington X,"North Sea, All World",3,3,0,0,3,3,Training,Flight,Europe,Unknown Reasons,April,1948
1948-05-05,THE SUPERIOR OIL COMPANY,Douglas C-47 Skytrain (DC-3),"Atlantic Ocean, All World",2,2,0,0,2,2,Private,Flight,Unknown,Unknown Reasons,May,1948
1948-07-20,ARMEE DEL'AIR,Douglas C-47 Skytrain (DC-3),"Mediterranean Sea, All World",2,0,18,0,20,0,Military,Flight,Europe,Human Errors,July,1948
1948-08-01,AIR FRANCE,Latécoère 631,"Atlantic Ocean, All World",11,11,41,41,52,52,Scheduled Revenue Flight,Flight,Africa,Technical Factors,August,1948
1948-08-20,AVENSA,Douglas C-47 Skytrain (DC-3),"Caribbean Sea, All World",3,3,0,0,3,3,Cargo,Flight,South America,Unknown Reasons,August,1948
1948-12-05,United States Air Force,Douglas C-54 Skymaster,"Pacific Ocean, All World",7,0,30,4,37,4,Military,Flight,North America,Technical Factors,December,1948
1948-12-28,Airborne Transport,Douglas DC-3,"Gulf of Mexico, All World",3,3,29,29,32,32,Charter / Taxi,Flight,North America,Disappeared Without Trace,December,1948
1949-01-17,B-S-A-A,Avro 689 Tudor,"Sargasso Sea, All World",7,7,13,13,20,20,Scheduled Revenue Flight,Flight,North America,Disappeared Without Trace,January,1949
1949-01-26,United States Air Force,Boeing B-29 Superfortress,"Atlantic Ocean, All World",15,15,0,0,15,15,Military,Flight,Europe,Unknown Reasons,January,1949
1949-03-27,United States NAVY,Consolidated PBY-5A Catalina,"Pacific Ocean, All World",11,0,0,0,11,0,Military,Flight,Unknown,Technical Factors,March,1949
1949-04-27,United States Air Force,Douglas C-47 Skytrain (DC-3),"Atlantic Ocean, All World",4,0,0,0,4,0,Military,Flight,North America,Technical Factors,April,1949
1949-07-09,Royal Air Force,Handley Page H.P.70 Halifax VIII,"Atlantic Ocean, All World",4,4,3,3,7,7,Meteorological / Weather,Flight,Europe,Disappeared Without Trace,July,1949
1949-11-16,United States Air Force,Boeing B-29 Superfortress,"Atlantic Ocean, All World",20,2,0,0,20,2,Military,Flight,North America,Technical Factors,November,1949
1949-12-09,FUERZA AEREA MEXICAA,Douglas C-47 Skytrain (DC-3),"Pacific Ocean, All World",8,8,0,0,8,8,Cargo,Flight,North America,Unknown Reasons,December,1949
1950-02-02,KLM,Douglas C-47 Skytrain (DC-3),"North Sea, All World",7,7,0,0,7,7,Cargo,Flight,Europe,Technical Factors,February,1950
1950-05-24,United States NAVY,Lockheed P-2 Neptune,"Pacific Ocean, All World",0,0,0,0,0,0,Training,Flight,North America,Conflict Factors,May,1950
1950-06-05,Westair Transport,Curtiss C-46 Commando,"Sargasso Sea, All World",3,0,62,28,65,28,Charter / Taxi,Flight,North America,Technical Factors,June,1950
1950-06-07,United States Air Force,Boeing B-29 Superfortress,"North Sea, All World",13,11,0,0,13,11,Survey / Patrol / Reconnaissance,Flight,Europe,Unknown Reasons,June,1950
1950-06-16,United States Air Force,Boeing B-29 Superfortress,"East China Sea, All World",0,0,0,0,0,0,Survey / Patrol / Reconnaissance,Flight,Asia,Conflict Factors,June,1950
1950-06-23,United States Air Force,Boeing B-29 Superfortress,"Pacific Ocean, All World",11,3,0,0,11,3,Military,Flight,Australia & Oceania,Unknown Reasons,June,1950
1950-06-28,United States Air Force,Douglas A-26 Invader,"Yellow Sea, All World",3,2,0,0,3,2,Bombing,Flight,Asia,Technical Factors,June,1950
1950-07-12,United States Air Force,Boeing B-29 Superfortress,"Yellow Sea, All World",13,0,0,0,13,0,Military,Flight,Asia,Conflict Factors,July,1950
1950-10-15,United States Air Force,Douglas C-47 Skytrain (DC-3),"Japan Sea, All World",4,4,0,0,4,4,Military,Flight,Asia,Technical Factors,October,1950
1950-11-05,United States NAVY,Martin PBM Mariner,"South China Sea, All World",12,12,0,0,12,12,Survey / Patrol / Reconnaissance,Flight,Asia,Unknown Reasons,November,1950
1951-03-10,Royal Air Force,Avro 652 Anson,"Atlantic Ocean, All World",3,0,3,1,6,1,Military,Flight,Europe,Poor Weather,March,1951
1951-03-23,United States Air Force,Douglas C-124 Globemaster II,"Atlantic Ocean, All World",13,13,40,40,53,53,Military,Flight,Europe,Human Errors,March,1951
1951-03-29,United States Air Force,Boeing B-29 Superfortress,"East China Sea, All World",12,12,0,0,12,12,Military,Flight,Asia,Conflict Factors,March,1951
1951-07-21,CP Air,Douglas C-54 Skymaster,"Pacific Ocean, All World",6,6,31,31,37,37,Scheduled Revenue Flight,Flight,North America,Poor Weather,July,1951
1951-09-19,United States Air Force,Boeing B-29 Superfortress,"Japan Sea, All World",14,14,0,0,14,14,Military,Flight,Asia,Technical Factors,September,1951
1951-10-15,United States Air Force,Boeing C-97 Stratofreighter,"Atlantic Ocean, All World",3,3,9,9,12,12,Military,Flight,Unknown,Disappeared Without Trace,October,1951
1951-10-22,United States Air Force,Boeing B-29 Superfortress,"Yellow Sea, All World",12,0,0,0,12,0,Bombing,Flight,Asia,Conflict Factors,October,1951
1951-10-23,United States Air Force,Boeing B-29 Superfortress ,"Yellow Sea, All World",13,9,0,0,13,9,Bombing,Flight,Asia,Conflict Factors,October,1951
1951-11-06,United States NAVY,Lockheed P-2 Neptune,"Japan Sea, All World",10,10,0,0,10,10,Survey / Patrol / Reconnaissance,Flight,Asia,Conflict Factors,November,1951
1951-12-26,United States NAVY,Lockheed P-2 Neptune,"Japan Sea, All World",7,2,0,0,7,2,Survey / Patrol / Reconnaissance,Flight,Asia,Technical Factors,December,1951
1952-01-21,United States Air Force,Curtiss C-46 Commando,"Japan Sea, All World",0,0,0,0,0,0,Supply,Flight,Asia,Technical Factors,January,1952
1952-01-23,Royal Air Force,Avro 683 Lancaster,"Mediterranean Sea, All World",6,1,1,1,7,2,Training,Flight,Europe,Technical Factors,January,1952
1952-01-31,United States Air Force,Boeing B-29 Superfortress,"East China Sea, All World",13,13,0,0,13,13,Bombing,Flight,Asia,Disappeared Without Trace,January,1952
1952-05-09,Garuda Indonesia,Douglas DC-3,"Malacca Strait, All World",3,3,14,14,17,17,Scheduled Revenue Flight,Flight,Asia,Poor Weather,May,1952
1952-06-16,Swedish Air Force,Consolidated PBY-5A Catalina,"Baltic Sea, All World",5,0,0,0,5,0,Survey / Patrol / Reconnaissance,Flight,Europe,Conflict Factors,June,1952
1952-07-27,Tropic Airways,Douglas C-47 Skytrain (DC-3),"Mediterranean Sea, All World",4,0,28,0,32,0,Charter / Taxi,Flight,Africa,Technical Factors,July,1952
1952-11-03,United States Air Force,Douglas C-47 Skytrain (DC-3),"Fletcher's Ice Island, All World ",0,0,0,0,0,0,Military,Landing,Antartica,Unknown Reasons,November,1952
1952-11-20,United States NAVY,Lockheed P-2 Neptune,"Atlantic Ocean, All World",8,8,0,0,8,8,Training,Flight,North America,Unknown Reasons,November,1952
1952-12-21,RANSA,Curtiss C-46 Commando,"Caribbean Sea, All World",3,3,0,0,3,3,Cargo,Flight,North America,Unknown Reasons,December,1952
1952-12-26,United States NAVY,Martin PBM Mariner,"Japan Sea, All World",14,10,0,0,14,10,Survey / Patrol / Reconnaissance,Flight,Asia,Technical Factors,December,1952
1953-02-02,Skyways of London,Avro 658 York,"Atlantic Ocean, All World",6,6,33,33,39,39,Charter / Taxi,Flight,North America,Human Errors,February,1953
1953-02-27,United States NAVY,Lockheed P-2 Neptune,"Atlantic Ocean, All World",10,0,0,0,10,0,Military,Flight,Unknown,Technical Factors,February,1953
1953-03-22,United States NAVY,Martin PBM Mariner,"Atlantic Ocean, All World",4,4,7,7,11,11,Military,Flight,North America,Unknown Reasons,March,1953
1953-07-12,TRANSOCEAN,Douglas DC-6,"Pacific Ocean, All World",9,9,49,49,58,58,Charter / Taxi,Flight,Unknown,Disappeared Without Trace,July,1953
1953-07-22,Royal Air Force,Handley Page H.P.67 Hastings ,"Mediterranean Sea, All World",6,0,0,0,6,0,Military,Flight,Europe,Technical Factors,July,1953
1953-07-30,United States NAVY,Martin PBM Mariner,"South China Sea, All World",15,10,0,0,15,10,Survey / Patrol / Reconnaissance,Flight,Asia,Technical Factors,July,1953
1953-08-05,United States NAVY,Convair B-36 Peacemaker,"Atlantic Ocean, All World",23,19,0,0,23,19,Military,Flight,Europe,Technical Factors,August,1953
1953-10-27,United States NAVY,Lockheed P-2 Neptune,"Pacific Ocean, All World",9,1,0,0,9,1,Survey / Patrol / Reconnaissance,Flight,Asia,Technical Factors,October,1953
1953-11-15,United States Air Force,Grumman HU-16 (SA-16) Albatross,"Atlantic Ocean, All World",5,5,0,0,5,5,Military,Flight,Unknown,Unknown Reasons,November,1953
1953-12-31,United States NAVY,Consolidated PBY-5A Catalina,"Pacific Ocean, All World",0,0,0,0,0,0,Survey / Patrol / Reconnaissance,Flight,North America,Unknown Reasons,December,1953
1954-05-08,Polyarnaya Aviatsiya,Antonov AN-2,"Arctic, All World",5,0,0,0,5,0,Supply,Landing,Antartica,Human Errors,May,1954
1954-05-21,United States NAVY,Martin P5M-2 Marlin,"Pacific Ocean, All World",10,4,0,0,10,4,Military,Flight,North America,Technical Factors,May,1954
1954-07-19,AERONAUTICA MILITARE,Lockheed P-2 Harpoon,"Ionian Sea, All World",7,7,0,0,7,7,Training,Flight,Europe,Technical Factors,July,1954
1954-09-04,United States NAVY,Lockheed P-2 Neptune,"Japan Sea, All World",10,1,0,0,10,1,Survey / Patrol / Reconnaissance,Flight,Asia,Conflict Factors,September,1954
1954-10-31,United States NAVY,Lockheed L-1049 Super Constellation,"Atlantic Ocean, All World",21,21,21,21,42,42,Military,Flight,North America,Technical Factors,October,1954
1954-12-17,Royal Air Force,Avro 683 Lancaster,"Celtic Sea, All World",7,7,0,0,7,7,Training,Flight,Europe,Unknown Reasons,December,1954
1955-01-11,Royal Air Force,Avro 696 Shackleton,"Celtic Sea, All World",9,9,0,0,9,9,Training,Flight,Europe,Poor Weather,January,1955
1955-01-11,Royal Air Force,Avro 696 Shackleton,"Celtic Sea, All World",9,9,0,0,9,9,Training,Flight,Europe,Poor Weather,January,1955
1955-01-26,United States Air Force,Douglas C-54 Skymaster,"Atlantic Ocean, All World",8,0,0,0,8,0,Military,Flight,Unknown,Technical Factors,January,1955
1955-03-26,PAN AM,Boeing 377 Stratocruiser,"Pacific Ocean, All World",8,2,15,2,23,4,Scheduled Revenue Flight,Flight,North America,Technical Factors,March,1955
1955-05-04,United States Air Force,Boeing KC-97 Stratotanker ,"Atlantic Ocean, All World",9,9,0,0,9,9,Military,Flight,Europe,Technical Factors,May,1955
1955-05-26,Polyarnaya Aviatsiya,Lisunov LI-2,"Arctic, All World",6,0,4,0,10,0,Meteorological / Weather,Landing,Antartica,Human Errors,May,1955
1955-07-29,United States Air Force,Douglas C-47 Skytrain (DC-3),"Mediterranean Sea, All World",2,0,16,0,18,0,Military,Flight,Africa,Technical Factors,July,1955
1955-09-23,FLYING TIGER LINE,Douglas C-54 Skymaster,"Pacific Ocean, All World",5,3,0,0,5,3,Cargo,Flight,Unknown,Technical Factors,September,1955
1955-09-26,United States NAVY,Lockheed P-2 Neptune,"Caribbean Sea, All World",9,9,2,2,11,11,Meteorological / Weather,Flight,North America,Technical Factors,September,1955
1955-10-13,Royal Air Force,Lockheed P-2 Neptune,"Atlantic Ocean, All World",9,9,0,0,9,9,Survey / Patrol / Reconnaissance,Flight,Europe,Technical Factors,October,1955
1955-11-09,United States Air Force,Fairchild C-119 Flying Boxcar,"Pacific Ocean, All World",5,1,0,0,5,1,Military,Flight,North America,Technical Factors,November,1955
1956-03-02,United States Air Force,Douglas C-124 Globemaster II,"Atlantic Ocean, All World",17,17,0,0,17,17,Military,Flight,Europe,Technical Factors,March,1956
1956-09-10,United States Air Force,Boeing B-50 Superfortress,"Japan Sea, All World",16,16,0,0,16,16,Meteorological / Weather,Flight,Asia,Disappeared Without Trace,September,1956
1956-09-17,United States NAVY,Lockheed L-1049 Super Constellation,"Pacific Ocean, All World",18,0,0,0,18,0,Meteorological / Weather,Flight,Australia & Oceania,Technical Factors,September,1956
1956-10-10,United States Air Force,Douglas DC-6,"Atlantic Ocean, All World",10,10,49,49,59,59,Military,Flight,Europe,Technical Factors,October,1956
1956-10-16,PAN AM,Boeing 377 Stratocruiser,"Pacific Ocean, All World",7,0,24,0,31,0,Scheduled Revenue Flight,Flight,North America,Technical Factors,October,1956
1956-10-29,Egyptian Air Force,Ilyushin II-14,"Mediterranean Sea, All World",4,4,12,12,16,16,Military,Flight,Africa,Conflict Factors,October,1956
1956-11-09,United States NAVY,Martin P5M-2 Marlin,"Atlantic Ocean, All World",10,10,0,0,10,10,Survey / Patrol / Reconnaissance,Flight,North America,Poor Weather,November,1956
1957-03-22,United States Air Force,Boeing C-97 Stratofreighter,"Pacific Ocean, All World",10,10,57,57,67,67,Military,Flight,Asia,Disappeared Without Trace,March,1957
1957-05-09,United States Air Force,Boeing KC-97 Stratotanker,"Atlantic Ocean, All World",7,0,0,0,7,0,Military,Flight,Europe,Technical Factors,May,1957
1957-11-08,PAN AM,Boeing 377 Sstratocruiser,"Pacific Ocean, All World",8,8,36,36,44,44,Scheduled Revenue Flight,Flight,North America,Disappeared Without Trace,November,1957
1958-01-19,United States Air Force,Boeing C-97 Stratofreighter,"Pacific Ocean, All World",7,7,0,0,7,7,Military,Flight,North America,Unknown Reasons,January,1958
1958-02-20,United States NAVY,Lockheed L-1049 Super Constellation,"Atlantic Ocean, All World",5,5,17,17,22,22,Military,Flight,Europe,Disappeared Without Trace,February,1958
1958-07-04,United States Air Force,Douglas C-124 Globemaster II,"Pacific Ocean, All World",7,4,2,2,9,6,Military,Flight,North America,Technical Factors,July,1958
1958-08-14,KLM,Lockheed L-1049 Super Constellation,"Atlantic Ocean, All World",8,8,91,91,99,99,Scheduled Revenue Flight,Flight,Europe,Disappeared Without Trace,August,1958
1958-09-02,United States Air Force,Douglas C-124 Globemaster II,"Philippines Sea, All World",7,7,12,12,19,19,Military,Flight,Asia,Technical Factors,September,1958
1958-09-29,MEA,Avro 685 York,"Mediterranean Sea, All World",5,5,0,0,5,5,Cargo,Flight,Unknown,Technical Factors,September,1958
1958-11-09,Aero Topografica,Martin PBM Mariner,"Atlantic Ocean, All World",6,6,30,30,36,36,Scheduled Revenue Flight,Flight,Europe,Technical Factors,November,1958
1958-12-09,Royal Air Force,Avro 696 Shackleton,"South China Sea, All World",10,10,1,1,11,11,Survey / Patrol / Reconnaissance,Flight,Asia,Human Errors,December,1958
1959-06-07,United States Air Force,Douglas C-47 Skytrain (DC-3),"Mediterranean Sea, All World",7,1,0,0,7,1,Military,Flight,Africa,Technical Factors,June,1959
1959-12-08,SCM,Curtiss C-46 Commando,"Caribbean Sea, All World",3,3,42,42,45,45,Charter / Taxi,Flight,South America,Disappeared Without Trace,December,1959
1960-03-30,United States Air Force,Boeing KC-97 Stratotanker,"Atlantic Ocean, All World",14,2,0,0,14,2,Military,Flight,North America,Poor Weather,March,1960
1960-05-25,spaniak,Airspeed AS.65 Consul,"Atlantic Ocean, All World",1,0,3,0,4,0,Scheduled Revenue Flight,Flight,Europe,Technical Factors,May,1960
1960-07-14,NORTHWEST AIRLINES,Douglas DC-7,"Philippines Sea, All World",7,0,51,1,58,1,Scheduled Revenue Flight,Flight,Asia,Technical Factors,July,1960
1960-09-22,United States NAVY,Douglas C-54 Skymaster,"Pacific Ocean, All World",6,6,23,23,29,29,Military,Flight,Asia,Technical Factors,September,1960
1960-12-31,Private Prive,De Havilland DH.89 Dragon Rapide,"Atlantic Ocean, All World",0,0,0,0,0,0,Private,Flight,Unknown,Unknown Reasons,December,1960
1961-06-10,United States Air Force,Douglas C-133 Cargomaster,"Pacific Ocean, All World",8,8,0,0,8,8,Military,Flight,Asia,Technical Factors,June,1961
1961-10-15,United States Air Force,Boeing B-52 Stratofortress,"Atlantic Ocean, All World",8,8,0,0,8,8,Military,Flight,North America,Unknown Reasons,October,1961
1961-11-09,United States NAVY,Lockheed P-2 Neptune,"Atlantic Ocean, All World",11,11,0,0,11,11,Survey / Patrol / Reconnaissance,Flight,North America,Technical Factors,November,1961
1961-11-11,Air Haïti International,Lockheed L-749 Constellation,"Caribbean Sea, All World",3,3,0,0,3,3,Cargo,Flight,North America,Disappeared Without Trace,November,1961
1962-01-08,United States Air Force,Boeing B-50 Superfortress,"Atlantic Ocean, All World",9,9,0,0,9,9,Military,Flight,Unknown,Disappeared Without Trace,January,1962
1962-01-08,"Taiwan, ROC Air Force",Lockheed P-2 Neptune,"Yellow Sea, All World",14,14,0,0,14,14,Survey / Patrol / Reconnaissance,Flight,Asia,Unknown Reasons,January,1962
1962-03-16,FLYING TIGER LINE,Lockheed L-1049 Super Constellation,"Philippines Sea, All World",11,11,96,96,107,107,Charter / Taxi,Flight,Asia,Technical Factors,March,1962
1962-05-27,United States Air Force,Douglas C-133 Cargomaster,"Atlantic Ocean, All World",10,10,0,0,10,10,Military,Flight,North America,Disappeared Without Trace,May,1962
1962-09-23,FLYING TIGER LINE,Lockheed L-1049 Super Constellation,"Atlantic Ocean, All World",8,5,68,23,76,28,Charter / Taxi,Flight,Europe,Technical Factors,September,1962
1962-12-26,United States NAVY,Martin P5M-2 Marlin,"Pacific Ocean, All World",13,13,0,0,13,13,Survey / Patrol / Reconnaissance,Flight,North America,Unknown Reasons,December,1962
1963-01-30,United States NAVY,Lockheed P-3 Orion,"Atlantic Ocean, All World",4,4,10,10,14,14,Training,Flight,North America,Human Errors,January,1963
1963-06-03,NORTHWEST AIRLINES,Douglas DC-7,"Pacific Ocean, All World",6,6,95,95,101,101,Charter / Taxi,Flight,North America,Unknown Reasons,June,1963
1963-08-28,United States Air Force,Boeing KC-135 Stratotanker,"Atlantic Ocean, All World",6,6,0,0,6,6,Refuelling,Flight,North America,Technical Factors,August,1963
1963-08-28,United States Air Force,Boeing KC-135 Stratotanker,"Atlantic Ocean, All World",5,5,0,0,5,5,Refuelling,Flight,North America,Technical Factors,August,1963
1963-09-22,United States Air Force,DDouglas C-133 Cargomaster,"Atlantic Ocean, All World",10,10,0,0,10,10,Military,Flight,North America,Technical Factors,September,1963
1963-12-09,Hank Wharton,Curtiss C-46 Commando,"Atlantic Ocean, All World",3,3,0,0,3,3,Ferry,Flight,Europe,Unknown Reasons,December,1963
1964-01-02,United States Air Force,Douglas C-124 Globemaster II,"Pacific Ocean, All World",8,8,1,1,9,9,Military,Flight,North America,Unknown Reasons,January,1964
1964-03-28,Facilities Management Corporation ,Douglas C-54 Skymaster,"Pacific Ocean, All World",3,3,6,6,9,9,Executive / Corporate,Flight,North America,Technical Factors,March,1964
1964-09-03,TNI AU INDONESIAN Air Force,Lockheed C-130 Hercules,"Malacca Strait, All World",5,5,0,0,5,5,Military,Flight,Asia,Unknown Reasons,September,1964
1964-09-08,United States NAVY,Lockheed P-2 Neptune,"South China Sea, All World",13,5,0,0,13,5,Survey / Patrol / Reconnaissance,Flight,Asia,Unknown Reasons,September,1964
1965-02-26,United States Air Force,Boeing KC-135 Stratotanker ,"Atlantic Ocean, All World",4,4,0,0,4,4,Refuelling,Flight,North America,Crashing The Other Objects,February,1965
1965-03-23,ROYAL CANADIAN Air Force,Canadair CL-28 Argus,"Atlantic Ocean, All World",14,14,2,2,16,16,Training,Flight,North America,Technical Factors,March,1965
1965-06-18,United States Air Force,Boeing B-52 Stratofortress,"South China Sea, All World",6,5,0,0,6,5,Military,Flight,Asia,Crashing The Other Objects,June,1965
1965-06-18,United States Air Force,Boeing B-52 Stratofortress,"South China Sea, All World",6,3,0,0,6,3,Military,Flight,Asia,Crashing The Other Objects,June,1965
1965-06-18,United States Air Force,Grumman HU-16 (SA-16) Albatross,"South China Sea, All World",5,0,0,0,5,0,Survey / Patrol / Reconnaissance,Flight,Asia,Unknown Reasons,June,1965
1965-07-03,United States Air Force,Grumman HU-16 (SA-16) Albatross,"South China Sea, All World",0,0,0,0,0,0,Survey / Patrol / Reconnaissance,Flight,Asia,Unknown Reasons,July,1965
1965-07-11,United States Air Force,Lockheed C-121 Super Constellation,"Atlantic Ocean, All World",4,3,15,13,19,16,Survey / Patrol / Reconnaissance,Flight,North America,Technical Factors,July,1965
1965-09-12,United States NAVY,Grumman C-1A Trader,"South China Sea, All World",10,1,0,0,10,1,Survey / Patrol / Reconnaissance,Takeoff,Asia,Human Errors,September,1965
1966-01-09,"Taiwan, ROC Air Force",Grumman HU-16 (SA-16) Albatross,"East China Sea, All World",0,0,0,0,0,0,Survey / Patrol / Reconnaissance,Flight,Asia,Conflict Factors,January,1966
1966-04-09,United States NAVY,Lockheed P-3 Orion,"Pacific Ocean, All World",4,4,7,7,11,11,Training,Flight,North America,Technical Factors,April,1966
1966-07-25,Thai Government,Douglas DC-3,"Pacific Ocean, All World",3,3,0,0,3,3,Delivery,Flight,North America,Technical Factors,July,1966
1966-10-18,United States Air Force,Grumman HU-16 (SA-16) Albatross,"South China Sea, All World",7,7,0,0,7,7,Survey / Patrol / Reconnaissance,Flight,Asia,Poor Weather,October,1966
1966-11-10,United States NAVY,Grumman S-2 Tracker,"South China Sea, All World",4,4,0,0,4,4,Survey / Patrol / Reconnaissance,Flight,Asia,Disappeared Without Trace,November,1966
1966-11-11,United States Air Force,Lockheed C-121 Super Constellation,"Atlantic Ocean, All World",4,4,15,15,19,19,Survey / Patrol / Reconnaissance,Flight,North America,Technical Factors,November,1966
1967-03-05,United States Coast Guard,Grumman HU-16 (SA-16) Albatross,"Gulf of Mexico, All World",6,6,0,0,6,6,Survey / Patrol / Reconnaissance,Flight,North America,Human Errors,March,1967
1967-03-05,Skyway Air Cargo,Beechcraft C-45 Expeditor,"Pacific Ocean, All World",1,0,1,0,2,0,Ferry,Flight,Unknown,Technical Factors,March,1967
1967-03-13,AEROFLOT,Antonov AN-2,"Black Sea, All World",1,1,0,0,1,1,Private,Flight,Europe,Conflict Factors,March,1967
1967-06-12,Private Prive,Lockheed P-2 Harpoon,"Pacific Ocean, All World",1,1,0,0,1,1,Private,Flight,North America,Disappeared Without Trace,June,1967
1967-08-08,United States NAVY,Grumman C-1A Trader,"South China Sea, All World",5,0,0,0,5,0,Survey / Patrol / Reconnaissance,Takeoff,Asia,Technical Factors,August,1967
1967-08-21,CHINA AIRLINES,Douglas DC-3,"South China Sea, All World",2,0,7,6,9,6,Cargo,Flight,Asia,Unknown Reasons,August,1967
1967-11-04,Royal Air Force,Avro 696 Shackleton,"Indian Ocean, All World",11,8,0,0,11,8,Military,Flight,Asia,Technical Factors,November,1967
1967-11-19,Royal Air Force,Avro 696 Shackleton,"Celtic Sea, All World",11,9,0,0,11,9,Training,Flight,Europe,Human Errors,November,1967
1967-11-20,United States NAVY,Grumman S-2 Tracker,"South China Sea, All World",2,2,0,0,2,2,Training,Flight,Asia,Unknown Reasons,November,1967
1968-01-16,United States NAVY,Grumman C-1A Trader,"South China Sea, All World",3,3,7,0,10,3,Survey / Patrol / Reconnaissance,Takeoff,Asia,Technical Factors,January,1968
1968-04-05,United States NAVY,Lockheed P-3 Orion,"Pacific Ocean, All World",12,8,0,0,12,8,Survey / Patrol / Reconnaissance,Takeoff,Asia,Human Errors,April,1968
1968-05-25,CCCP,Tupolev TU-16,"North Sea, All World",6,6,0,0,6,6,Survey / Patrol / Reconnaissance,Flight,Europe,Technical Factors,May,1968
1968-08-18,UNITED ARAB AIRLINES,Antonov AN-24,"Mediterranean Sea, All World",7,7,33,33,40,40,Scheduled Revenue Flight,Flight,Europe,Unknown Reasons,August,1968
1969-02-16,ROYAL CANADIAN Air Force,Grumman S-2 Tracker,"Atlantic Ocean, All World",3,3,0,0,3,3,Survey / Patrol / Reconnaissance,Takeoff,North America,Technical Factors,February,1969
1969-02-23,Trans Isle Air,De Havilland DH.104 Dove,"Pacific Ocean, All World",1,0,0,0,1,0,Ferry,Flight,North America,Technical Factors,February,1969
1969-03-01,United States NAVY,Lockheed P-2 Neptune,"Pacific Ocean, All World",0,0,0,0,0,0,Survey / Patrol / Reconnaissance,Flight,Australia & Oceania,Human Errors,March,1969
1969-03-08,Continental Air Transport,Douglas DC-4,"Atlantic Ocean, All World",3,3,0,0,3,3,Cargo,Flight,Unknown,Technical Factors,March,1969
1969-03-08,ZAMRUD,Douglas C-47 Skytrain (DC-3),"Pacific Ocean, All World",3,0,0,0,3,0,Delivery,Flight,North America,Technical Factors,March,1969
1969-03-16,ROYAL CANADIAN Air Force,Grumman S-2 Tracker,"Sargasso Sea, All World",4,0,0,0,4,0,Survey / Patrol / Reconnaissance,Landing,North America,Technical Factors,March,1969
1969-04-15,United States NAVY,Lockheed C-121 Super Constellation,"Japan Sea, All World",6,6,25,25,31,31,Survey / Patrol / Reconnaissance,Flight,Asia,Conflict Factors,April,1969
1969-05-23,United States Air Force,Lockheed C-130 Hercules,"The Channel, All World",1,1,0,0,1,1,Military,Flight,Europe,Technical Factors,May,1969
1969-06-05,United States Air Force,Boeing KC-135 Stratotanker,"Bering Sea, All World",5,5,14,14,19,19,Military,Flight,North America,Disappeared Without Trace,June,1969
1969-10-11,SAN JUAN,Britten-Norman Islander,"Sargasso Sea, All World",1,1,1,1,2,2,Ferry,Flight,North America,Unknown Reasons,October,1969
1969-12-15,Albany Industrial Corporation,Curtiss C-46 Commando,"Gulf of Mexico, All World",0,0,0,0,0,0,Private,Flight,North America,Unknown Reasons,December,1969
1970-04-10,AEROCOSTA Colombia,Curtiss C-46 Commando,"Caribbean Sea, All World",4,4,0,0,4,4,Cargo,Flight,Unknown,Unknown Reasons,April,1970
1970-06-06,United States Air Force,Fairchild C-119 Flying Boxcar,"South China Sea, All World",10,1,0,0,10,1,Military,Flight,Asia,Technical Factors,June,1970
1970-07-18,CCCP Aircraft,Antonov AN-22,"Atlantic Ocean, All World",8,8,15,15,23,23,Humanitarian,Flight,Unknown,Unknown Reasons,July,1970
1970-12-05,Aircraft Facilities,Cessna 207 Skywagon/Stationair,"Pacific Ocean, All World",1,1,0,0,1,1,Delivery,Flight,North America,Technical Factors,December,1970
1970-12-31,ROUSSEAU AVIATION,Nord 262,"Mediterranean Sea, All World",3,3,28,28,31,31,Charter / Taxi,Flight,Africa,Unknown Reasons,December,1970
1971-01-15,Russian Aircraft,Tupolev TU-95,"Barents Sea, All World",12,12,0,0,12,12,Survey / Patrol / Reconnaissance,Flight,Europe,Technical Factors,January,1971
1971-06-11,United States NAVY,Grumman E-2C Hawkeye,"South China Sea, All World",5,5,0,0,5,5,Military,Flight,Asia,Unknown Reasons,June,1971
1971-06-13,United States Air Force,Boeing C-135 Stratolifter,"Pacific Ocean, All World",4,4,20,20,24,24,Survey / Patrol / Reconnaissance,Flight,North America,Unknown Reasons,June,1971
1971-10-07,International Sky Cab Airlines,Britten-Norman Islander,"Atlantic Ocean, All World",1,0,0,0,1,0,Ferry,Flight,North America,Technical Factors,October,1971
1971-12-12,United States NAVY,Grumman C-2A Greyhound,"South China Sea, All World",4,4,0,0,4,4,Survey / Patrol / Reconnaissance,Flight,Asia,Unknown Reasons,December,1971
1972-01-29,United States NAVY,Grumman C-2A Greyhound,"Mediterranean Sea, All World",10,2,0,0,10,2,Military,Flight,Europe,Technical Factors,January,1972
1972-03-29,Air Pacific,De Havilland DH.114 Heron,"Pacific Ocean, All World",2,0,0,0,2,0,Ferry,Flight,North America,Human Errors,March,1972
1972-05-26,United States NAVY,Lockheed P-3 Orion,"Pacific Ocean, All World",4,4,4,4,8,8,Survey / Patrol / Reconnaissance,Flight,North America,Disappeared Without Trace,May,1972
1972-06-21,Private Prive,Rockwell Aero Commander 690,"Atlantic Ocean, All World",1,1,2,2,3,3,Private,Flight,Unknown,Unknown Reasons,June,1972
1972-08-08,United States NAVY,Grumman E-2C Hawkeye,"Pacific Ocean, All World",0,0,0,0,0,0,Military,Flight,Unknown,Disappeared Without Trace,August,1972
1972-10-06,Línea Aérea Taxpa,Rockwell Aero Commander 680,"Pacific Ocean, All World",1,1,7,7,8,8,Charter / Taxi,Flight,South America,Technical Factors,October,1972
1972-11-17,S & H Aviation,Douglas C-47 Skytrain (DC-3),"Atlantic Ocean, All World",2,2,1,1,3,3,Charter / Taxi,Flight,North America,Technical Factors,November,1972
1972-11-22,Long Island Airlines,Rockwell Grand Commander 680,"Pacific Ocean, All World",1,1,1,1,2,2,Ferry,Flight,North America,Unknown Reasons,November,1972
1973-09-21,United States Coast Guard,Grumman HU-16 (SA-16) Albatross,"Gulf of Mexico, All World",6,6,0,0,6,6,Survey / Patrol / Reconnaissance,Flight,North America,Human Errors,September,1973
1974-09-08,TWA,Boeing 707,"Ionian Sea, All World",9,9,79,79,88,88,Scheduled Revenue Flight,Flight,Europe,Technical Factors,September,1974
1974-09-30,United States Department of the interior,Grumman G-73 Mallard,"Pacific Ocean, All World",1,1,3,3,4,4,Survey / Patrol / Reconnaissance,Flight,North America,Unknown Reasons,September,1974
1974-10-13,United States Air Force,Lockheed C-130 Hercules,"South China Sea, All World",5,5,5,5,10,10,Military,Flight,Asia,Poor Weather,October,1974
1975-03-23,GEYSERLAND AIRWAYS,Rockwell Grand Commander 680,"Pacific Ocean, All World",2,0,0,0,2,0,Positioning,Flight,North America,Technical Factors,March,1975
1975-08-08,Bush Aviation,Beechcraft D18,"Atlantic Ocean, All World",1,1,2,2,3,3,Executive / Corporate,Flight,North America,Technical Factors,August,1975
1975-09-22,AIA AMERICA,Volpar Turboliner 18,"Pacific Ocean, All World",1,1,0,0,1,1,Ferry,Flight,North America,Disappeared Without Trace,September,1975
1976-02-11,Flight Service,Beechcraft H18,"Pacific Ocean, All World",1,1,0,0,1,1,Ferry,Flight,Unknown,Technical Factors,February,1976
1976-11-18,United Resources,Rockwell Shrike Commander 500S,"Atlantic Ocean, All World",2,1,0,0,2,1,Survey / Patrol / Reconnaissance,Flight,Africa,Technical Factors,November,1976
1977-06-30,Cooperativa de Montecillos,Lockheed L-188 Electra,"Caribbean Sea, All World",3,3,1,1,4,4,Cargo,Flight,North America,Unknown Reasons,June,1977
1978-02-28,Private Prive,Mitsubishi MU-2 Marquise,"Gulf of Mexico, All World",2,2,3,3,5,5,Private,Flight,North America,Disappeared Without Trace,February,1978
1978-03-25,Eulalio Castro,Rockwell Grand Commander 680,"Atlantic Ocean, All World",2,2,0,0,2,2,Private,Flight,North America,Human Errors,March,1978
1978-04-27,Private Prive,Piper PA-61 Aerostar (Ted Smith 601),"Gulf of Mexico, All World",1,1,0,0,1,1,Private,Flight,North America,Technical Factors,April,1978
1978-07-18,Latimer W. Spinney,Piper PA-31-310 Navajo,"Caribbean Sea, All World",1,1,1,1,2,2,Private,Flight,North America,Unknown Reasons,July,1978
1978-09-21,ARGOSY AIR LINES,Douglas DC-3,"Atlantic Ocean, All World",4,4,0,0,4,4,Positioning,Flight,North America,Disappeared Without Trace,September,1978
1978-10-01,Evergreen Air of Montana,Douglas DC-3,"Gulf of Mexico, All World",2,1,2,0,4,1,Private,Flight,North America,Technical Factors,October,1978
1978-10-26,United States NAVY,Lockheed P-3 Orion,"Pacific Ocean, All World",4,0,11,5,15,5,Survey / Patrol / Reconnaissance,Flight,North America,Technical Factors,October,1978
1978-12-18,Private Prive,Cessna 421A Golden Eagle I,"Tyrrhenian Sea, All World",1,0,0,0,1,0,Private,Flight,Europe,Human Errors,December,1978
1979-01-30,VARIG,Boeing 707,"Pacific Ocean, All World",6,6,0,0,6,6,Cargo,Flight,Unknown,Technical Factors,January,1979
1979-03-17,Air Inuit,De Havilland DHC-4 Caribou,"Caribbean Sea, All World",3,3,0,0,3,3,Delivery,Flight,North America,Technical Factors,March,1979
1979-10-04,Iron Bird,Rockwell Aero Commander 500,"Atlantic Ocean, All World",1,1,0,0,1,1,Ferry,Flight,North America,Poor Weather,October,1979
1979-11-04,Polynesian Air-Ways,Beechcraft C-45 Expeditor,"Pacific Ocean, All World",1,1,0,0,1,1,Delivery,Flight,North America,Technical Factors,November,1979
1980-01-11,Nichols Construction,Cessna 441 Conquest,"Atlantic Ocean, All World",1,1,1,1,2,2,Private,Flight,North America,Technical Factors,January,1980
1980-05-19,Northeast Jet,Learjet 25,"Gulf of Mexico, All World",2,2,0,0,2,2,Positioning,Flight,North America,Technical Factors,May,1980
1980-07-02,ROYAL THAI NAVY,Douglas C-47 Skytrain (DC-3),"Gulf of Thailand, All World",2,0,19,2,21,2,Training,Flight,Asia,Unknown Reasons,July,1980
1980-10-03,Kurfiss Aviation,Douglas C-47 Skytrain (DC-3),"Mediterranean Sea, All World",2,2,0,0,2,2,Ferry,Flight,Europe,Disappeared Without Trace,October,1980
1980-12-15,TsKB po SPK,Alekseev KM,"Caspian Sea, All World",0,0,0,0,0,0,Test,Takeoff,Asia,Human Errors,December,1980
1981-01-15,Marineluchtvaartdienst,Breguet Bre.1150 Atlantic,"Atlantic Ocean, All World",4,0,8,3,12,3,Survey / Patrol / Reconnaissance,Flight,Europe,Poor Weather,January,1981
1981-01-19,KENTING,Cessna 402,"Atlantic Ocean, All World",2,2,0,0,2,2,Ferry,Flight,Unknown,Unknown Reasons,January,1981
1981-01-23,Private Prive,Rockwell Aero Commander 560 ,"Gulf of Mexico, All World",1,0,1,0,2,0,Test,Flight,North America,Human Errors,January,1981
1981-04-21,Hemet Exploration,Douglas C-53 Skytrooper (DC-3),"Mediterranean Sea, All World",2,2,2,2,4,4,Ferry,Flight,Europe,Unknown Reasons,April,1981
1982-05-09,Panarctic Oils ltd,De Havilland DHC-6 Twin Otter,"Arctic, All World",2,0,7,0,9,0,Charter / Taxi,Landing,Antartica,Poor Weather,May,1982
1982-08-12,REPUBLIC OF KOREA NAVY,Grumman S-2 Tracker,"Japan Sea, All World",4,4,0,0,4,4,Training,Flight,Asia,Unknown Reasons,August,1982
1982-10-16,FUERZA AEREA COLOMBIANA,Lockheed C-130 Hercules,"Atlantic Ocean, All World",4,2,9,3,13,5,Military,Flight,North America,Technical Factors,October,1982
1982-10-20,Carib Air Service,Piper PA-31-310 Navajo,"Caribbean Sea, All World",1,1,7,7,8,8,Charter / Taxi,Flight,North America,Poor Weather,October,1982
1982-12-09,Brent's International,Piper PA-31-350 Navajo Chieftain ,"Pacific Ocean, All World",2,2,0,0,2,2,Ferry,Flight,North America,Technical Factors,December,1982
1983-03-09,AERO COACH,Cessna 402,"Atlantic Ocean, All World",1,0,2,0,3,0,Scheduled Revenue Flight,Flight,North America,Technical Factors,March,1983
1983-05-18,AIR TRAFFIC,Learjet 25,"Atlantic Ocean, All World",2,2,1,1,3,3,Training,Flight,Europe,Technical Factors,May,1983
1983-11-24,United States NAVY,Grumman C-1A Trader,"Mediterranean Sea, All World",3,3,0,0,3,3,Military,Flight,Europe,Crashing The Other Objects,November,1983
1983-11-24,United States NAVY,Grumman C-1A Trader,"Mediterranean Sea, All World",4,4,0,0,4,4,Military,Flight,Europe,Crashing The Other Objects,November,1983
1984-02-27,JMSDF,Shin Meiwa PS-1,"Japan Sea, All World",12,12,0,0,12,12,Military,Flight,Asia,Unknown Reasons,February,1984
1984-10-23,NEWCAL AVIATION,De Havilland DHC-4 Caribou ,"Atlantic Ocean, All World",2,1,0,0,2,1,Ferry,Flight,North America,Technical Factors,October,1984
1984-12-05,Private Prive,Rockwell Grand Commander 690,"Atlantic Ocean, All World",2,2,0,0,2,2,Delivery,Flight,Africa,Unknown Reasons,December,1984
1985-06-23,AIR INDIA,Boeing 747-200,"Atlantic Ocean, All World",22,22,307,307,329,329,Scheduled Revenue Flight,Flight,Europe,Crashing The Other Objects,June,1985
1986-03-25,INDIAN Air Force,Antonov AN-32,"Oman Sea, All World",3,3,4,4,7,7,Delivery,Flight,Asia,Disappeared Without Trace,March,1986
1986-04-10,AEROFLOTRussian Airlines,PZL-Mielec AN-2,"Arctic, All World",5,0,4,0,9,0,Geographical / Geophysical / Scientific,Landing,Antartica,Human Errors,April,1986
1986-12-17,Latin Air Services,Casa 212 Aviocar,"Caribbean Sea, All World",3,0,0,0,3,0,Cargo,Flight,North America,Human Errors,December,1986
1986-12-23,West Coast Air Cargo,Douglas C-54 Skymaster,"Pacific Ocean, All World",2,0,0,0,2,0,Training,Flight,North America,Technical Factors,December,1986
1987-11-28,SOUTH AFRICAN AIRWAYS,Boeing 747-200,"Indian Ocean, All World",19,19,140,140,159,159,Scheduled Revenue Flight,Flight,Africa,Technical Factors,November,1987
1987-11-29,KOREAN AIR,Boeing 707,"Andaman Sea, All World",11,11,104,104,115,115,Scheduled Revenue Flight,Flight,Asia,Conflict Factors,November,1987
1988-02-07,Crown Aviation Services,Beechcraft 88 Queen Air,"Caribbean Sea, All World",1,1,1,1,2,2,Charter / Taxi,Flight,South America,Disappeared Without Trace,February,1988
1988-02-25,Arab Airways,Xian H-6,"Persian Gulf, All World",6,6,0,0,6,6,Bombing,Flight,Asia,Conflict Factors,February,1988
1988-07-12,United States NAVY,Rockwell T-39 Sabreliner,"Spratly Islands, All World",4,0,0,0,4,0,Military,Flight,Asia,Technical Factors,July,1988
1988-12-09,Sunny Moon Association,Mitsubishi MU-2 Marquise,"Pacific Ocean, All World",1,1,0,0,1,1,Delivery,Flight,Asia,Poor Weather,December,1988
1989-02-14,Southern Cross Aviation,Piper PA-31-350 Navajo Chieftain,"Pacific Ocean, All World",1,0,0,0,1,0,Ferry,Flight,Australia & Oceania,Technical Factors,February,1989
1990-09-11,JauceU,Boeing 727-200,"Atlantic Ocean, All World",6,6,10,10,16,16,Delivery,Flight,North America,Technical Factors,September,1990
1990-10-11,Alaska Helicopters,Rockwell Gulfstream 690C Jetprop 840,"Arctic, All World",1,1,2,2,3,3,Survey / Patrol / Reconnaissance,Flight,Antartica,Unknown Reasons,October,1990
1991-03-21,United States NAVY,Lockheed P-3 Orion,"Pacific Ocean, All World",13,13,0,0,13,13,Survey / Patrol / Reconnaissance,Flight,North America,Crashing The Other Objects,March,1991
1991-03-21,United States NAVY,Lockheed P-3 Orion,"Pacific Ocean, All World",14,14,0,0,14,14,Survey / Patrol / Reconnaissance,Flight,North America,Crashing The Other Objects,March,1991
1991-06-16,Evan Boddy & Elliott Hutchinson,Rockwell Aero Commander 685,"Atlantic Ocean, All World",2,2,0,0,2,2,Private,Flight,Unknown,Disappeared Without Trace,June,1991
1991-06-18,Pacific Flying Fish,Grumman G-64 Albatross,"Pacific Ocean, All World",2,0,1,0,3,0,Ferry,Flight,North America,Technical Factors,June,1991
1991-08-04,Palm Beach Aviation,Rockwell Aero Commander 500,"Atlantic Ocean, All World",1,0,3,0,4,0,Charter / Taxi,Flight,North America,Technical Factors,August,1991
1992-05-01,Private Prive,Cessna 303 Crusader,"The Channel, All World",1,0,1,0,2,0,Private,Flight,Europe,Technical Factors,May,1992
1992-07-31,United States NAVY,Grumman E-2C Hawkeye,"Atlantic Ocean, All World",5,5,0,0,5,5,Training,Flight,North America,Unknown Reasons,July,1992
1992-08-28,BM POCCNN,Alekseev A-90 Orlyonok ,"Caspian Sea, All World",0,0,0,0,0,0,Test,Takeoff,Asia,Unknown Reasons,August,1992
1992-09-18,AEROEJECUTIVOS,Douglas C-118 Liftmaster,"Caribbean Sea, All World",3,3,0,0,3,3,Cargo,Flight,South America,Poor Weather,September,1992
1993-03-25,United States NAVY,Grumman E-2C Hawkeye,"Ionian Sea, All World",5,5,0,0,5,5,Survey / Patrol / Reconnaissance,Flight,Europe,Unknown Reasons,March,1993
1994-01-15,The Catalina Company,Consolidated PBY-5A Catalina,"Pacific Ocean, All World",1,0,7,0,8,0,Private,Flight,Asia,Unknown Reasons,January,1994
1994-05-07,Martin L.Adren,Piper PA-46 Malibu Meridian (Malibu Mirage),"Gulf of Mexico, All World",1,0,3,0,4,0,Private,Flight,North America,Technical Factors,May,1994
1994-10-02,Seaview Air,Rockwell Grand Commander 690,"Pacific Ocean, All World",1,1,8,8,9,9,Scheduled Revenue Flight,Flight,Australia & Oceania,Unknown Reasons,October,1994
1994-12-02,Southern Cross Aviation,Britten-Norman Islander,"Pacific Ocean, All World",1,0,0,0,1,0,Ferry,Flight,Australia & Oceania,Unknown Reasons,December,1994
1995-03-16,Great Barrier Airlines Ltd,De Havilland DHC-6 Twin Otter,"Pacific Ocean, All World",3,0,0,0,3,0,Delivery,Flight,North America,Unknown Reasons,March,1995
1995-04-18,Pacific Island Aviation - PIA,Cessna 402,"Pacific Ocean, All World",1,1,0,0,1,1,Positioning,Flight,Australia & Oceania,Unknown Reasons,April,1995
1995-08-16,Caribbean Food & Produce,Beechcraft 65 Queen Air,"Caribbean Sea, All World",1,0,0,0,1,0,Private,Flight,North America,Unknown Reasons,August,1995
1996-02-17,Roger Dunbar,Piper PA-61 Aerostar (Ted Smith 601),"Atlantic Ocean, All World",1,1,0,0,1,1,Private,Flight,North America,Unknown Reasons,February,1996
1996-03-25,United States NAVY,Beechcraft T-44A Pegasus,"Gulf of Mexico, All World",3,3,0,0,3,3,Training,Flight,North America,Unknown Reasons,March,1996
1996-05-02,Domtrav Airways,Rockwell Aero Commander 500,"Caribbean Sea, All World",1,1,2,2,3,3,Charter / Taxi,Flight,North America,Unknown Reasons,May,1996
1996-11-22,United States Air Force,Lockheed C-130 Hercules,"Pacific Ocean, All World",11,10,0,0,11,10,Military,Flight,North America,Unknown Reasons,November,1996
1997-04-12,CORPORATE AIR,De Havilland DHC-6 Twin Otter,"Pacific Ocean, All World",1,0,0,0,1,0,Delivery,Flight,North America,Unknown Reasons,April,1997
1997-07-24,M. R. Aircraft Sales & Rental,Beechcraft 65 Queen Air,"Atlantic Ocean, All World",2,0,3,0,5,0,Private,Flight,Unknown,Unknown Reasons,July,1997
1997-09-13,Luftwaffe,Tupolev TU-154,"Atlantic Ocean, All World",10,10,14,14,24,24,Military,Flight,Africa,Crashing The Other Objects,September,1997
1997-09-13,United States Air Force,Lockheed C-141 Starlifter,"Atlantic Ocean, All World",9,9,0,0,9,9,Military,Flight,Africa,Crashing The Other Objects,September,1997
1998-04-09,Private Prive,Rockwell Grand Commander 680,"Atlantic Ocean, All World",1,1,0,0,1,1,Ferry,Flight,North America,Unknown Reasons,April,1998
1999-10-31,EGYPTAIR,Boeing 767-300,"Atlantic Ocean, All World",15,15,202,202,217,217,Scheduled Revenue Flight,Flight,Unknown,Human Errors,October,1999
2000-05-09,Servicio Aereo Ejecutivo,Cessna 401,"Pacific Ocean, All World",2,2,0,0,2,2,Positioning,Flight,South America,Unknown Reasons,May,2000
2000-05-15,Greatland Resource,PZL-Mielec AN-2,"Arctic, All World",2,0,3,0,5,0,Private,Landing,Antartica,Unknown Reasons,May,2000
2000-05-23,Calico Ventures,Beechcraft 200 Super King Air,"Pacific Ocean, All World",1,0,0,0,1,0,Private,Flight,North America,Unknown Reasons,May,2000
2000-09-19,CUBANA,Antonov AN-2,"Gulf of Mexico, All World",1,0,9,1,10,1,Private,Flight,North America,Technical Factors,September,2000
2001-10-04,Siberia airlines,Tupolev TU-154,"Black Sea, All World",12,12,66,66,78,78,Scheduled Revenue Flight,Flight,Europe,Unknown Reasons,October,2001
2003-12-26,PACIFIC AEROSPACE LTD,PAC 750XL - Pacific Aerospace Corporation,"Pacific Ocean, All World",1,1,0,0,1,1,Delivery,Flight,North America,Technical Factors,December,2003
2007-08-15,United States NAVY,Grumman E-2C Hawkeye,"Atlantic Ocean, All World",3,3,0,0,3,3,Training,Takeoff,North America,Unknown Reasons,August,2007
2009-07-08,Q4 Aviation,Cessna 421C Golden Eagle III ,"Gulf of Mexico, All World",1,1,4,4,5,5,Charter / Taxi,Flight,North America,Poor Weather,July,2009
2010-03-31,United States NAVY,Grumman E-2C Hawkeye,"Indian Ocean, All World",4,1,0,0,4,1,Survey / Patrol / Reconnaissance,Flight,Asia,Technical Factors,March,2010
2012-04-19,Lee H Aviation,Cessna 421C Golden Eagle III,"Gulf of Mexico, All World",1,1,0,0,1,1,Private,Flight,North America,Human Errors,April,2012
2014-03-08,E-Malaysia AIRLINES,Boeing 777-200,"Indian Ocean, All World",12,12,227,227,239,239,Scheduled Revenue Flight,Flight,Asia,Disappeared Without Trace,March,2014
2015-05-16,KLAIPEDOS AVIALINILOS,PZL-Mielec AN-2,"Baltic Sea, All World",2,2,0,0,2,2,Delivery,Flight,Europe,Unknown Reasons,May,2015
2015-09-05,SENEGAL AIR,BAe125,"Atlantic Ocean, All World",3,3,4,4,7,7,Ambulance,Flight,Africa,Crashing The Other Objects,September,2015
2016-05-19,EGYPT AIR,Airbus A320,"Mediterranean Sea, All World",10,10,56,56,66,66,Scheduled Revenue Flight,Flight,Africa,Unknown Reasons,May,2016
2016-07-22,INDIAN Air Force,Antonov AN-32,"Bay of Bengal, All World",6,6,23,23,29,29,Military,Flight,Asia,Human Errors,July,2016
2017-06-07,MYANMAR Air Force,Shaanxi Y-8,"Andaman Sea, All World",14,14,108,108,122,122,Military,Flight,Asia,Unknown Reasons,June,2017
2017-11-22,United States NAVY,Grumman C-2A Greyhound,"Philippines Sea, All World",2,0,9,3,11,3,Military,Landing,Asia,Human Errors,November,2017
2018-08-25,Stargazer Aero,Grumman G-64 Albatross,"Atlantic Ocean, All World",5,0,0,0,5,0,Survey / Patrol / Reconnaissance,Takeoff,North America,Crashing The Other Objects,August,2018
2018-09-27,CGG,Cessna 208B Grand Caravan,"Pacific Ocean, All World",1,1,0,0,1,1,Ferry,Flight,Asia,Unknown Reasons,September,2018
2018-10-25,Bulldog Flying Club,Piper PA-31 Cheyenne,"Atlantic Ocean, All World",2,2,3,3,5,5,Private,Flight,North America,Unknown Reasons,October,2018
2018-12-06,USMC,Lockheed C-130 Hercules,"Pacific Ocean, All World",5,5,0,0,5,5,Refuelling,Flight,Asia,Crashing The Other Objects,December,2018
2019-05-24,Hypo Consulting,Cessna 560 Citation Encore,"Atlantic Ocean, All World",1,1,0,0,1,1,Private,Flight,North America,Unknown Reasons,May,2019
2019-12-09,FUERZA AEREA DE CHILE,Lockheed C-130 Hercules,"Drake Passage, All World",17,17,21,21,38,38,Military,Flight,Antartica,Unknown Reasons,December,2019
2020-11-06,Private Prive,Pilatus PC-12,"Pacific Ocean, All World",2,0,0,0,2,0,Delivery,Flight,North America,Technical Factors,November,2020
